id;sapi_id;sem_code;batch;rpf;perilaku;ib_ke;jarak_ib;laktasi;tgl_ib
1;1551;30569;HH 56;8;2;2;45;1;2010-04-22
2;737;30569;HH 56;3;4;2;24;3;2010-04-24
3;192;30569;HH 56;9;1;2;28;5;2010-04-25
4;276;30569;HH 56;1;3;2;39;4;2010-04-25
5;1192;30569;HH 56;10;1;2;21;5;2010-04-25
6;1435;30569;HH 56;2;4;2;30;3;2010-04-25
7;1515;30154;D 005;10;2;3;30;2;2010-05-25
8;1557;30154;D 005;7;1;2;46;3;2010-05-25
9;190;30152;HH032;7;2;2;21;2;2010-08-26
10;1016;30152;HH032;5;2;2;85;2;2010-08-26
11;1474;30152;HH032;5;4;2;97;1;2010-08-26
12;284;30676;H018;1;5;2;18;1;2010-08-27
13;283;30153;H020;3;4;2;29;5;2010-08-28
14;318;30153;H020;1;3;3;68;3;2010-08-28
15;401;30152;HH032;4;3;3;24;4;2010-08-28
16;658;30153;H020;6;5;2;38;1;2010-08-28
17;1534;30153;H020;4;4;2;137;2;2010-08-28
18;1697;30153;H20;1;1;4;23;4;2010-08-28
19;552;30152;HH032;9;4;2;19;3;2010-08-29
20;735;30152;H032;2;2;3;31;5;2010-08-29
21;741;30676;H018;4;1;2;62;2;2010-08-29
22;1548;30152;H032;9;5;2;44;1;2010-08-29
23;1567;30676;H018;8;1;2;23;5;2010-08-29
24;411;30152;HH032;8;4;3;89;3;2010-08-30
25;421;30676;H018;5;3;2;186;4;2010-08-30
26;590;30676;H018;1;3;3;21;4;2010-08-30
27;674;30153;H20;7;2;3;67;3;2010-08-30
28;870;30152;HH032;9;5;2;58;4;2010-08-30
29;1401;30153;H20;5;3;3;40;2;2010-08-30
30;1525;30152;HH032;8;4;4;25;4;2010-08-30
31;1589;30153;H20;1;2;2;20;2;2010-08-30
32;416;30152;HH032;8;3;2;21;5;2010-08-31
33;1676;30153;H20;6;4;2;38;1;2010-09-01
34;837;30152;HH032;3;1;3;41;2;2010-09-02
35;1004;30152;HH032;6;5;3;23;4;2010-09-02
36;1764;30780;H023;6;1;2;90;3;2010-09-02
37;197;30152;HH032;6;4;2;71;3;2010-09-03
38;565;30780;H023;8;4;3;126;1;2010-09-03
39;23;30153;H20;1;4;2;93;2;2010-09-04
40;529;30152;HH032;8;1;2;53;2;2010-09-04
41;249;30152;HH032;7;1;2;20;5;2010-09-05
42;464;30153;H20;9;5;2;20;5;2010-09-05
43;1512;30152;HH032;9;1;2;92;2;2010-09-05
44;649;30780;H023;3;3;3;32;4;2010-09-06
45;708;30152;HH032;4;3;2;30;3;2010-09-06
46;754;30780;H023;6;1;2;32;1;2010-09-06
47;784;30780;H023;10;1;2;21;4;2010-09-06
48;840;30780;H023;6;3;2;21;5;2010-09-06
49;986;30152;HH032;1;5;2;18;2;2010-09-06
50;165;30152;HH032;10;2;2;51;5;2010-09-07
51;792;30152;HH032;8;4;2;20;2;2010-09-07
52;1398;30707;J50;5;3;3;32;1;2010-09-07
53;1732;30707;J50;7;5;2;21;4;2010-09-07
54;134;30152;HH032;7;3;2;31;1;2010-09-08
55;576;30152;HH032;9;2;2;61;4;2010-09-09
56;1013;30152;HH032;7;2;4;31;1;2010-09-09
57;428;30157;H020;1;5;2;70;2;2010-09-10
58;695;30157;H020;6;5;4;29;5;2010-09-10
59;280;30152;HH032;8;3;2;55;4;2010-09-11
60;866;30157;H020;2;1;2;21;3;2010-09-11
61;537;30157;II021;5;2;2;40;2;2010-09-12
62;662;30157;II021;3;5;2;15;2;2010-09-12
63;965;30157;II021;3;2;2;28;4;2010-09-12
64;1296;30707;J40;5;1;2;102;4;2010-09-12
65;57;30707;J40;4;1;3;22;3;2010-09-13
66;229;30157;II021;10;2;3;68;5;2010-09-13
67;210;30707;J41;7;3;2;17;1;2010-09-14
68;938;30157;II021;2;1;4;37;5;2010-09-14
69;1623;30157;H020;8;3;2;56;4;2010-09-14
70;1707;30157;H020;1;5;2;32;4;2010-09-14
71;1729;30157;H020;7;4;4;166;2;2010-09-14
72;670;30157;H020;1;2;3;28;2;2010-09-15
73;1150;30157;II021;10;2;2;51;1;2010-09-15
74;1173;30157;H020;5;3;2;58;4;2010-09-15
75;580;30707;J40;8;2;3;44;5;2010-09-16
76;1685;30157;H021;8;4;3;59;2;2010-09-16
77;204;30157;II021;5;5;2;59;1;2010-09-17
78;1023;30157;H021;4;2;2;57;2;2010-09-17
79;1256;30780;H023;9;5;3;60;4;2010-09-17
80;1686;30157;H021;2;4;3;59;1;2010-09-17
81;1769;30707;J40;4;3;2;17;1;2010-09-17
82;1782;30707;J40;5;5;2;97;1;2010-09-17
83;939;30157;H021;9;3;3;40;1;2010-09-18
84;22;30707;J40;7;4;2;93;5;2010-09-19
85;28;30707;J40;8;1;2;46;1;2010-09-19
86;291;30707;J41;6;2;2;31;2;2010-09-19
87;460;30157;II021;6;1;2;35;5;2010-09-19
88;603;30157;II021;8;2;3;28;4;2010-09-19
89;1367;30157;II021;1;5;2;29;4;2010-09-19
90;168;30157;II021;10;2;2;50;3;2010-09-20
91;1043;30157;II021;7;4;2;16;4;2010-09-20
92;1062;30157;II021;5;2;2;13;4;2010-09-20
93;1083;30778;H012;2;2;4;48;3;2010-09-20
94;1122;30157;II021;5;5;4;33;1;2010-09-20
95;1128;30157;II021;9;4;4;64;4;2010-09-20
96;1770;30778;H012;1;4;3;97;1;2010-09-20
97;1771;30707;J40;8;1;4;42;5;2010-09-20
98;208;30707;J40;8;1;2;62;3;2010-09-21
99;480;30778;H012;4;5;2;84;3;2010-09-21
100;720;30157;II021;2;4;3;20;3;2010-09-21
101;770;30778;H012;3;1;2;37;1;2010-09-21
102;1108;30707;J40;3;1;2;42;1;2010-09-21
103;1523;30707;J40;6;1;3;19;5;2010-09-21
104;288;30778;H012;1;3;4;62;1;2010-09-22
105;325;30778;H012;2;1;4;94;3;2010-09-22
106;445;30778;H012;7;2;3;84;4;2010-09-22
107;608;30157;II021;2;5;2;44;1;2010-09-22
108;923;30157;II021;9;4;2;15;1;2010-09-23
109;1032;30778;H012;6;3;2;62;3;2010-09-23
110;1595;30707;J40;3;1;2;97;2;2010-09-23
111;536;30778;H012;10;3;2;86;2;2010-09-24
112;1109;30778;H012;8;1;2;24;4;2010-09-24
113;1628;30778;H012;6;3;2;13;4;2010-09-24
114;485;30778;H012;8;5;3;21;5;2010-09-25
115;1093;30778;H012;7;2;3;22;2;2010-09-25
116;1279;30157;II021;1;1;2;74;5;2010-09-25
117;1123;30157;H21;2;2;4;33;1;2010-10-05
118;928;30779;II008;10;1;2;30;4;2010-10-06
119;1346;30707;J41;9;1;2;51;2;2010-10-07
120;493;30739;X076;7;1;2;29;3;2010-10-26
121;848;30783;H30;6;5;2;24;4;2010-10-26
122;1218;30707;J41;3;3;2;26;4;2010-10-26
123;328;30676;H06;2;3;2;25;3;2010-10-27
124;510;30676;H06;6;2;3;86;1;2010-10-27
125;656;30739;X076;1;3;3;20;1;2010-10-27
126;1582;30783;H30;1;4;2;1;5;2010-10-27
127;1793;30676;H06;8;5;3;20;1;2010-10-27
128;516;30783;H031;1;5;2;119;1;2010-10-28
129;530;30783;H031;7;5;2;21;2;2010-10-28
130;617;30783;H031;7;4;2;21;3;2010-10-28
131;344;30783;H031;9;3;2;20;2;2010-10-29
132;434;30783;H031;3;3;4;76;4;2010-10-29
133;703;30783;H031;7;5;2;92;5;2010-10-29
134;748;30783;H031;8;5;4;76;5;2010-10-29
135;1700;30783;H031;4;5;2;22;1;2010-10-29
136;258;30783;H031;5;5;2;9;3;2010-10-30
137;287;30783;H031;3;5;3;68;3;2010-10-30
138;660;30783;H031;3;1;2;20;3;2010-10-30
139;1495;30783;H031;8;4;2;11;2;2010-10-30
140;1624;30783;H031;1;4;2;81;4;2010-10-30
141;431;30782;H030;5;5;2;51;4;2010-10-31
142;560;30782;H030;6;2;2;19;4;2010-10-31
143;727;30782;H030;5;4;2;22;1;2010-10-31
144;381;30782;H030;1;2;4;63;5;2010-11-01
145;666;30782;H030;7;1;4;53;4;2010-11-01
146;728;30782;H030;6;5;2;60;2;2010-11-01
147;1046;30571;HH028;8;1;2;30;1;2010-11-01
148;1576;30782;H030;2;1;4;25;4;2010-11-01
149;1711;30783;H30;6;4;2;43;5;2010-11-01
150;439;30782;H030;4;2;2;24;1;2010-11-02
151;1458;30783;H30;3;1;2;43;3;2010-11-02
152;1726;30782;H030;6;4;2;41;5;2010-11-02
153;1454;30571;H028;2;1;2;11;4;2010-11-03
154;429;30783;H30;2;4;3;35;4;2010-11-04
155;701;30676;H06;6;1;2;21;1;2010-11-04
156;389;30783;H031;6;1;2;39;1;2010-11-05
157;1619;30783;H30;3;1;2;22;2;2010-11-05
158;509;30783;H031;4;5;4;63;2;2010-11-06
159;517;30783;H031;8;3;2;42;2;2010-11-06
160;772;30783;H031;2;5;3;63;1;2010-11-06
161;803;30783;H031;9;4;2;156;4;2010-11-06
162;555;30707;J71;2;5;3;54;4;2010-11-07
163;1316;30676;H033;8;5;2;24;5;2010-11-07
164;1677;30783;H30;5;2;2;33;1;2010-11-07
165;335;30707;J71;4;3;2;11;2;2010-11-08
166;1227;30707;J71;8;2;2;9;4;2010-11-08
167;438;30707;J70;10;2;2;55;1;2010-11-09
168;1138;30707;J70;3;5;3;94;2;2010-11-09
169;1207;30783;H30;2;2;2;40;5;2010-11-10
170;1650;30707;J70;6;1;3;44;5;2010-11-10
171;379;30707;J70;1;1;2;73;2;2010-11-11
172;600;30676;H23;7;4;2;32;4;2010-11-12
173;1372;30707;J70;1;3;2;54;4;2010-11-12
174;1575;30781;H014;7;5;4;90;1;2010-11-12
175;303;30781;H014;6;5;2;21;1;2010-11-13
176;1546;30781;H014;3;2;2;59;5;2010-11-13
177;1716;30781;H014;8;4;2;62;3;2010-11-13
178;747;30781;H031;10;4;2;25;5;2010-11-14
179;422;30781;H031;8;5;2;55;3;2010-11-15
180;651;30781;H031;7;2;3;40;2;2010-11-15
181;782;30781;H031;10;5;2;28;1;2010-11-15
182;995;30781;H031;2;2;3;42;3;2010-11-15
183;1361;30781;H031;1;1;4;42;1;2010-11-15
184;1594;30781;H031;10;2;3;52;1;2010-11-15
185;710;30781;H031;2;2;2;29;2;2010-11-16
186;1708;30676;II033;8;3;2;27;2;2010-11-17
187;141;30676;II033;4;1;2;48;3;2010-11-18
188;270;30676;II033;6;1;2;24;2;2010-11-18
189;1537;30781;H014;2;5;3;20;1;2010-11-18
190;1239;30676;II033;8;1;2;74;4;2010-11-19
191;271;30781;H014;3;2;4;21;5;2010-11-20
192;1569;30781;H014;3;5;3;50;5;2010-11-20
193;1622;30781;H014;4;5;4;31;3;2010-11-20
194;1734;30676;II033;3;5;2;39;4;2010-11-20
195;1610;30781;H014;8;4;2;20;5;2010-11-21
196;1717;30676;II033;5;3;2;21;5;2010-11-21
197;1024;30781;H014;10;4;2;19;2;2010-11-22
198;1027;30781;H014;2;2;2;20;1;2010-11-22
199;273;30781;H014;2;5;2;17;3;2010-11-23
200;446;30781;H014;9;4;3;68;5;2010-11-23
201;841;30781;H014;2;5;2;13;1;2010-11-23
202;1396;30781;II014;6;2;3;6;1;2010-11-24
203;482;30781;H014;9;4;2;113;2;2010-11-25
204;700;30781;H014;3;3;2;45;5;2010-11-25
205;1081;30781;H014;4;1;3;16;4;2010-11-25
206;1232;30781;H014;5;3;2;37;4;2010-11-25
207;1338;30781;II014;6;2;2;36;4;2010-11-25
208;1752;30781;II014;5;2;2;21;5;2010-11-25
209;217;30781;II014;6;2;3;27;4;2010-11-26
210;1237;30781;II014;6;2;2;29;5;2010-11-26
211;200;30781;II014;9;5;2;70;2;2010-11-27
212;1198;30781;II014;10;2;4;25;3;2010-11-27
213;882;30707;J146;1;2;3;33;3;2010-11-28
214;963;30676;II033;2;2;2;38;1;2010-11-30
215;1068;30707;J146;10;3;2;23;3;2010-11-30
216;1186;30781;II014;3;3;2;45;4;2010-11-30
217;1300;30781;II014;1;1;2;22;2;2010-11-30
218;202;30676;II033;5;5;3;62;2;2010-12-01
219;240;30676;II033;5;3;2;46;2;2010-12-01
220;1130;30676;II033;2;3;3;44;5;2010-12-01
221;1314;30676;II033;5;2;2;20;5;2010-12-01
222;1424;30676;II033;9;2;2;57;4;2010-12-01
223;476;30676;II033;7;3;2;28;1;2010-12-02
224;753;30676;II033;9;4;3;46;2;2010-12-02
225;1098;30676;II033;6;5;2;34;3;2010-12-02
226;1511;30676;II033;8;3;2;22;1;2010-12-02
227;158;30676;II033;6;4;2;41;1;2010-12-03
228;1382;30157;H017;10;3;3;55;2;2010-12-06
229;139;30676;II033;2;3;2;39;4;2010-12-07
230;835;30676;II033;1;2;2;19;3;2010-12-07
231;1264;30676;II033;4;1;2;21;1;2010-12-07
232;1362;30676;II033;8;2;2;16;2;2010-12-08
233;215;30707;J56;9;4;2;60;5;2010-12-09
234;430;30707;J56;3;2;3;23;5;2010-12-09
235;1368;30707;J56;6;4;2;17;1;2010-12-10
236;1384;30707;J56;6;1;2;68;1;2010-12-10
237;1527;30707;J56;1;5;2;61;2;2010-12-10
238;901;30707;J56;2;1;2;58;5;2010-12-11
239;1147;30707;J56;4;4;2;62;5;2010-12-11
240;1496;30707;J56;2;5;2;62;1;2010-12-12
241;473;30707;J56;1;1;2;44;2;2010-12-13
242;820;30707;J56;10;3;4;25;4;2010-12-13
243;960;30707;J56;7;1;2;49;5;2010-12-13
244;1029;30157;H017;1;4;2;23;1;2010-12-13
245;1034;30707;J56;7;2;3;61;5;2010-12-13
246;1360;30707;J56;2;2;2;21;4;2010-12-13
247;696;30157;H017;7;4;2;30;3;2010-12-14
248;929;30775;H010;3;2;2;30;5;2010-12-14
249;1119;30778;II015;9;5;2;37;2;2010-12-14
250;238;30778;II015;2;1;2;27;5;2010-12-16
251;133;30778;II015;6;4;2;24;5;2010-12-17
252;228;30778;II015;3;3;3;42;1;2010-12-17
253;962;30778;II015;10;4;4;45;3;2010-12-17
254;1124;30775;H010;8;5;4;33;1;2010-12-17
255;1331;30778;II015;7;1;2;31;4;2010-12-17
256;1593;30775;H010;10;2;3;48;1;2010-12-17
257;1197;30778;II015;6;5;2;42;3;2010-12-18
258;883;30775;H010;3;2;2;75;4;2010-12-19
259;1309;30775;H010;8;2;2;19;2;2010-12-20
260;109;30775;H010;6;2;2;41;3;2010-12-21
261;400;30778;II015;5;5;2;21;3;2010-12-21
262;847;30778;II015;8;1;2;76;2;2010-12-21
263;385;30778;II015;7;1;3;21;3;2010-12-22
264;1112;30778;II015;2;4;3;63;2;2010-12-22
265;198;30778;II015;1;1;3;12;4;2010-12-23
266;1158;30778;II015;10;5;2;69;1;2010-12-23
267;1481;30778;II015;7;3;2;25;4;2010-12-23
268;1030;307104;AI200;3;5;2;23;3;2011-02-23
269;410;30777;H35;8;3;2;41;3;2011-03-28
270;1701;30775;H020;4;1;2;66;4;2011-03-31
271;954;30775;H020;7;1;2;53;3;2011-04-02
272;1791;30777;H35;8;4;4;28;4;2011-04-02
273;851;30777;H35;9;2;2;21;2;2011-04-05
274;398;30777;H35;2;3;2;65;4;2011-04-08
275;857;30783;H05;5;1;2;61;5;2011-04-09
276;45;30783;H05;3;2;2;33;1;2011-04-11
277;774;30783;H05;3;3;2;46;1;2011-04-12
278;919;30777;H35;8;4;2;41;5;2011-04-12
279;1531;30777;H35;8;1;3;40;4;2011-04-13
280;314;30783;H05;2;3;4;51;4;2011-04-15
281;155;30778;JJ013;2;1;2;48;2;2011-04-17
282;1503;30777;H35;3;5;3;32;3;2011-04-17
283;830;30783;H05;1;2;2;56;5;2011-04-18
284;892;30783;H05;5;2;3;55;4;2011-04-18
285;1175;30783;H05;8;2;3;23;1;2011-04-18
286;148;30778;JJ013;5;3;2;22;4;2011-04-19
287;267;30783;H05;1;4;2;47;3;2011-04-19
288;380;30778;JJ013;7;3;2;45;1;2011-04-19
289;871;30778;JJ013;7;4;2;58;2;2011-04-19
290;1479;30783;H05;4;3;2;50;2;2011-04-19
291;1516;30778;JJ013;4;4;2;50;3;2011-04-19
292;1566;30707;J40;2;5;2;44;5;2011-04-19
293;187;30778;JJ013;10;3;2;69;3;2011-04-20
294;205;30778;JJ013;7;1;2;49;5;2011-04-20
295;508;30777;H35;1;1;2;43;3;2011-04-20
296;1779;30783;H05;8;2;2;71;4;2011-04-20
297;157;30778;JJ013;10;4;2;21;2;2011-04-21
298;568;30707;J40;1;5;2;59;1;2011-04-21
299;1298;30783;H05;4;4;3;105;4;2011-04-21
300;1618;30783;H05;8;4;2;108;2;2011-04-21
301;1766;30707;J40;10;1;2;57;2;2011-04-21
302;462;30707;J40;5;3;4;13;1;2011-04-22
303;532;30778;JJ013;3;4;2;21;5;2011-04-22
304;750;30707;J40;9;5;3;44;3;2011-04-22
305;1376;30783;H05;9;5;2;18;5;2011-04-22
306;1647;30707;J40;3;5;2;14;2;2011-04-22
307;1798;30707;J40;7;1;2;27;1;2011-04-22
308;73;30783;H05;6;4;2;31;3;2011-04-23
309;188;30778;JJ013;1;5;2;66;2;2011-04-23
310;470;30783;H05;8;3;4;30;1;2011-04-23
311;985;30778;JJ013;4;1;2;41;2;2011-04-23
312;1397;30707;J40;8;3;2;79;4;2011-04-23
313;1446;30778;JJ013;7;4;2;17;1;2011-04-23
314;1635;30707;J40;7;1;2;26;4;2011-04-23
315;742;30707;J40;1;2;2;23;5;2011-04-24
316;798;30707;J40;1;3;3;20;1;2011-04-24
317;934;30778;JJ013;7;3;2;48;2;2011-04-24
318;951;30778;JJ013;8;3;2;71;4;2011-04-24
319;1455;30777;H35;9;5;3;50;3;2011-04-24
320;1561;30783;H05;9;2;2;88;1;2011-04-24
321;195;30778;JJ013;6;4;4;40;4;2011-04-25
322;1320;30777;H35;7;5;2;53;2;2011-04-25
323;1614;30707;J40;9;2;2;19;3;2011-04-25
324;241;30778;JJ013;8;1;2;21;5;2011-05-03
325;1152;30777;II017;1;5;3;90;2;2011-05-13
326;164;30777;II017;2;2;3;47;1;2011-05-21
327;260;30777;II017;2;1;3;41;4;2011-05-23
328;1021;30809;J75;1;2;3;51;2;2011-05-23
329;448;30777;II017;4;3;2;21;2;2011-05-24
330;719;30809;J75;4;1;3;74;4;2011-05-24
331;891;30777;II017;10;4;2;59;5;2011-05-24
332;1269;30777;II017;2;1;3;68;2;2011-05-24
333;1794;30809;J75;1;3;3;69;1;2011-05-24
334;594;30783;F14;9;1;2;14;4;2011-05-27
335;859;30783;F14;1;3;2;14;4;2011-05-30
336;1228;30783;F14;1;1;2;33;2;2011-06-02
337;471;30783;F14;1;2;2;35;1;2011-06-03
338;714;30783;F14;5;3;2;18;4;2011-06-07
339;1144;30783;J017;6;2;2;12;5;2011-06-11
340;1012;30783;J017;2;2;2;36;5;2011-06-13
341;1563;30777;II017;9;5;2;23;5;2011-06-13
342;1078;30783;J017;2;1;2;57;1;2011-06-15
343;1492;30777;II017;8;5;2;70;2;2011-06-15
344;1654;30783;J017;5;2;3;92;3;2011-06-18
345;1252;30774;JJ019;9;5;3;28;4;2011-06-19
346;415;30777;H15;10;2;2;76;2;2011-06-20
347;636;30782;JJ030;5;5;2;19;5;2011-06-20
348;653;30783;J017;7;3;2;84;2;2011-06-20
349;1215;30783;J017;7;3;2;43;4;2011-06-20
350;1476;30782;JJ030;4;5;4;25;4;2011-06-20
351;1721;30774;JJ019;10;1;2;40;4;2011-06-20
352;713;30783;J017;6;5;2;19;5;2011-06-21
353;940;30782;JJ030;3;2;2;20;2;2011-06-21
354;1377;30774;JJ019;4;2;4;40;5;2011-06-21
355;1690;30774;JJ019;9;1;4;22;2;2011-06-21
356;370;30782;JJ030;10;1;2;65;5;2011-06-23
357;878;30774;JJ019;1;2;2;19;2;2011-06-23
358;1761;30774;JJ019;9;5;2;19;2;2011-06-23
359;178;30782;JJ030;2;2;2;63;3;2011-06-24
360;484;30782;JJ030;3;4;3;25;1;2011-06-24
361;372;30782;JJ030;9;4;2;50;1;2011-06-25
362;479;30782;JJ030;7;5;2;43;3;2011-06-25
363;577;30782;JJ030;4;5;2;15;5;2011-06-25
364;1299;30157;H029;5;3;2;96;1;2011-06-25
365;1795;30157;H029;4;2;2;9;1;2011-06-27
366;581;30157;H029;6;5;2;49;1;2011-06-28
367;715;30157;H029;5;3;3;21;5;2011-06-28
368;1655;30157;H029;10;1;2;22;1;2011-06-29
369;646;30157;H029;1;1;2;38;2;2011-07-06
370;295;30157;H029;2;4;2;47;4;2011-07-07
371;716;30157;H029;1;4;3;18;1;2011-07-09
372;802;30157;H029;9;1;2;19;2;2011-07-09
373;1491;30157;H029;5;5;3;63;3;2011-07-11
374;412;30157;H029;1;2;2;88;3;2011-07-13
375;947;30157;H029;6;1;2;55;4;2011-07-13
376;816;30157;H029;10;4;3;18;4;2011-07-15
377;836;30157;H029;2;2;2;18;4;2011-07-15
378;311;30774;JJ025;6;4;3;46;1;2011-07-16
379;1226;30157;H029;1;3;3;19;1;2011-07-16
380;1348;30774;JJ025;3;5;3;56;1;2011-07-16
381;368;30676;II033;3;5;2;7;4;2011-07-18
382;514;30157;H029;2;4;2;8;2;2011-07-18
383;767;30676;II033;6;1;2;109;2;2011-07-18
384;1564;30157;H029;8;4;2;21;3;2011-07-18
385;29;30157;H029;2;3;2;46;1;2011-07-19
386;388;30157;H029;9;2;3;26;4;2011-07-19
387;631;30157;H029;9;5;2;22;1;2011-07-19
388;640;30573;J087;6;3;2;45;1;2011-07-20
389;898;30573;J087;1;2;2;21;2;2011-07-20
390;343;30573;J087;9;4;2;27;1;2011-07-21
391;377;30676;II033;8;2;2;93;3;2011-07-21
392;818;30573;J087;7;5;2;49;2;2011-07-21
393;958;30676;II033;7;1;2;154;2;2011-07-21
394;1675;30676;II033;2;2;2;44;1;2011-07-21
395;1176;30676;II033;3;3;4;15;4;2011-07-22
396;1600;30573;J087;2;2;2;30;1;2011-07-22
397;315;30157;H29;6;4;3;74;5;2011-07-23
398;785;30676;II033;2;3;2;47;5;2011-07-23
399;1506;30676;II033;7;5;3;116;2;2011-07-23
400;531;30573;J087;10;5;2;82;2;2011-07-24
401;957;30676;II033;5;2;3;53;5;2011-07-24
402;1373;30676;II033;3;4;2;82;1;2011-07-24
403;275;30573;J087;1;5;2;28;1;2011-07-25
404;922;30573;J087;6;5;2;10;3;2011-07-25
405;1178;30573;J087;4;2;3;42;1;2011-07-25
406;1555;30573;J087;1;1;2;67;4;2011-07-25
407;1626;30573;J087;10;1;4;76;1;2011-07-25
408;799;30775;JJ031;10;4;3;20;4;2011-08-20
409;406;30775;JJ031;9;1;3;23;1;2011-08-22
410;1579;30775;JJ031;6;3;2;35;1;2011-08-23
411;1002;30775;JJ031;9;5;2;19;3;2011-08-24
412;1565;30775;J21;2;3;3;15;5;2011-08-26
413;1687;30676;J013;3;2;3;21;3;2011-09-01
414;623;30676;J013;5;4;2;29;2;2011-09-02
415;558;30676;J013;9;4;2;18;4;2011-09-04
416;1657;30775;JJ.23;2;2;2;16;1;2011-09-09
417;657;30775;J16;6;2;3;44;4;2011-09-10
418;297;30775;JJ.23;6;5;2;31;3;2011-09-11
419;252;30774;J21;6;4;2;67;5;2011-09-13
420;515;30774;J21;8;5;3;58;2;2011-09-14
421;98;30809;K58;3;2;2;91;3;2011-09-16
422;1679;30809;K58;4;1;3;20;5;2011-09-17
423;1017;30809;K58;2;1;2;24;4;2011-09-18
424;1608;30775;JJ.23;6;3;2;61;5;2011-09-19
425;1082;30809;K57;4;4;3;68;3;2011-09-22
426;1161;30809;K57;8;5;2;21;3;2011-09-22
427;1452;30782;II045;9;2;2;37;5;2011-09-22
428;305;30775;JJ23;8;4;2;63;3;2011-09-23
429;519;30782;II045;6;5;2;22;5;2011-09-23
430;717;30809;K57;1;2;4;87;4;2011-09-23
431;1213;30782;II045;2;2;2;22;3;2011-09-23
432;1705;30775;JJ23;1;1;2;63;2;2011-09-23
433;298;30707;O7;1;2;2;43;5;2011-09-24
434;1522;30707;O7;4;3;2;70;2;2011-09-24
435;1693;30707;O7;6;1;2;14;2;2011-09-24
436;1602;30775;JJ.23;5;5;2;67;2;2011-09-25
437;1587;30782;JJ58;10;4;3;61;5;2011-09-26
438;559;30809;K.58;8;5;3;27;3;2011-10-01
439;1091;30809;K.57;9;4;2;44;3;2011-10-01
440;138;30782;JJ58;6;5;3;8;4;2011-10-03
441;1631;30782;JJ58;8;4;2;69;4;2011-10-03
442;1641;30782;JJ58;4;3;2;44;3;2011-10-03
443;697;30809;K.57;6;1;2;13;5;2011-10-07
444;1055;30809;K.57;10;2;2;62;1;2011-10-07
445;1086;30809;K.57;2;4;2;70;5;2011-10-08
446;1508;30782;JJ58;6;1;2;61;3;2011-10-08
447;1556;30782;JJ58;4;2;3;92;5;2011-10-09
448;185;30782;JJ58;1;1;3;59;4;2011-10-11
449;894;30673;JJ035;10;1;2;33;5;2011-10-12
450;1754;30673;JJ035;4;3;2;25;1;2011-10-13
451;1698;30673;JJ035;6;1;2;28;4;2011-10-14
452;25;30673;JJ035;5;1;3;24;2;2011-10-15
453;591;30673;JJ035;10;5;2;24;5;2011-10-15
454;805;30673;JJ035;8;3;4;145;4;2011-10-16
455;186;30782;JJ58;4;2;2;24;2;2011-10-17
456;605;30777;H.002;2;5;2;94;4;2011-10-17
457;689;30673;JJ035;7;1;2;21;5;2011-10-17
458;1604;30673;JJ035;8;1;2;21;3;2011-10-17
459;257;30782;JJ58;5;3;2;31;3;2011-10-19
460;441;30782;JJ58;7;3;2;70;3;2011-10-19
461;936;30673;JJ035;2;2;2;28;2;2011-10-19
462;1159;30777;H.002;7;2;2;37;3;2011-10-19
463;394;30673;JJ035;9;3;2;73;1;2011-10-20
464;795;30777;H.002;5;4;2;8;5;2011-10-20
465;1560;30673;JJ035;9;2;3;40;2;2011-10-20
466;1671;30673;JJ035;1;1;2;32;3;2011-10-20
467;1691;30673;JJ035;4;1;2;37;4;2011-10-20
468;250;30157;JJ019;5;4;2;20;3;2011-10-21
469;286;30777;H.002;7;2;2;25;2;2011-10-21
470;1683;30777;H.002;1;4;2;10;3;2011-10-21
471;806;30673;JJ035;10;5;2;29;4;2011-10-22
472;828;30777;H.002;7;3;2;65;1;2011-10-22
473;1340;30777;H.002;10;2;3;7;5;2011-10-22
474;1792;30673;JJ035;8;2;2;33;5;2011-10-22
475;253;30673;JJ035;7;1;3;49;5;2011-10-23
476;453;30673;JJ035;5;4;2;79;2;2011-10-23
477;1453;30673;JJ035;1;3;2;74;3;2011-10-23
478;694;30777;H.002;4;4;2;41;5;2011-10-24
479;262;30782;JJ58;10;3;2;48;3;2011-10-25
480;1089;30777;H.002;10;3;2;68;1;2011-10-25
481;1182;30777;H.002;1;5;3;68;1;2011-10-25
482;1216;30777;H.002;9;5;2;43;4;2011-10-25
483;1262;30782;JJ58;2;5;2;50;4;2011-10-25
484;1609;30809;K53;2;1;4;17;4;2011-10-25
485;56;30809;K.57;2;3;2;21;4;2011-10-29
486;1737;30809;K.57;10;5;2;31;1;2011-10-30
487;853;30809;K.57;10;3;2;29;5;2011-11-08
488;860;30809;K.57;5;5;2;67;3;2011-11-10
489;1588;30809;K.57;6;4;2;114;4;2011-11-18
490;1665;30809;K.57;6;5;2;70;4;2011-11-19
491;1796;30809;K.57;7;1;2;8;3;2011-11-23
492;1053;30774;JJ049;9;3;2;31;3;2011-11-26
493;266;30777;JJ46;6;2;2;41;4;2011-11-27
494;304;30777;JJ46;2;5;3;81;5;2011-11-29
495;913;30777;JJ46;10;5;3;49;3;2011-11-30
496;1720;30777;JJ46;2;4;2;37;3;2011-12-01
497;1775;30777;JJ46;8;4;2;37;1;2011-12-02
498;574;30777;JJ46;6;3;2;21;1;2011-12-11
499;861;30777;JJ46;1;2;3;33;4;2011-12-13
500;90;30777;JJ46;2;5;2;29;3;2011-12-15
501;183;30777;JJ46;5;3;2;22;3;2011-12-15
502;1733;30777;JJ46;3;5;2;73;4;2011-12-15
503;207;30777;JJ46;5;2;2;26;3;2011-12-16
504;424;30777;JJ46;5;2;3;91;4;2011-12-16
505;686;30780;JJ045;6;2;3;93;3;2011-12-16
506;858;30780;JJ045;7;4;2;24;5;2011-12-16
507;1079;30774;JJ001;1;2;2;98;2;2011-12-16
508;300;30780;JJ045;7;1;2;23;5;2011-12-17
509;690;30777;JJ46;4;1;4;67;4;2011-12-17
510;1574;30774;JJ001;1;3;2;32;1;2011-12-17
511;1742;30777;JJ46;8;5;2;60;4;2011-12-17
512;259;30780;JJ045;9;3;2;106;1;2011-12-18
513;449;30774;JJ001;4;1;2;29;5;2011-12-18
514;1772;30774;JJ001;3;3;2;29;1;2011-12-18
515;26;30774;JJ001;3;2;4;46;2;2011-12-19
516;465;30774;JJ001;10;3;3;30;5;2011-12-19
517;893;30774;JJ001;4;3;2;39;3;2011-12-19
518;924;30774;JJ001;5;5;2;18;3;2011-12-19
519;1651;30774;JJ001;8;2;3;25;2;2011-12-19
520;110;30774;JJ001;8;3;2;32;1;2011-12-20
521;363;30774;JJ001;6;1;2;32;1;2011-12-20
522;1190;30780;JJ045;3;3;4;21;5;2011-12-20
523;1738;30777;JJ46;6;4;2;78;1;2011-12-20
524;371;30779;JJ028;7;4;2;65;4;2011-12-21
525;648;30774;JJ001;10;3;2;75;1;2011-12-21
526;671;30780;JJ045;7;2;2;85;1;2011-12-21
527;869;30780;JJ045;6;3;3;43;1;2011-12-21
528;1164;30780;JJ045;10;4;3;39;3;2011-12-21
529;265;30774;JJ001;2;5;2;87;4;2011-12-22
530;435;30780;JJ045;4;4;2;61;1;2011-12-22
531;677;30774;JJ001;3;4;2;71;4;2011-12-22
532;839;30780;JJ045;10;1;2;12;5;2011-12-22
533;904;30780;JJ045;5;1;2;92;3;2011-12-22
534;838;30774;JJ001;3;2;2;24;3;2011-12-23
535;592;30774;JJ001;4;3;3;70;1;2011-12-24
536;911;30780;JJ045;2;4;2;49;4;2011-12-24
537;912;30774;JJ001;3;2;2;124;4;2011-12-24
538;457;30777;JJ46;5;5;2;72;4;2011-12-25
539;483;30774;JJ001;7;1;2;24;2;2011-12-25
540;1280;30779;JJ028;7;2;2;74;5;2011-12-25
541;1767;30780;JJ045;9;5;2;29;3;2011-12-25
542;955;30782;JJ066;8;2;2;53;4;2012-02-07
543;1025;30782;JJ066;7;2;2;70;5;2012-02-25
544;1517;30783;JJ21;4;2;4;20;3;2012-02-28
545;277;30783;JJ21;1;2;4;53;4;2012-03-01
546;1087;30774;JJ003;8;5;2;70;5;2012-03-06
547;920;30783;JJ21;8;5;2;21;2;2012-03-08
548;1640;30783;JJ21;1;5;2;21;1;2012-03-08
549;455;30783;JJ21;10;1;3;58;4;2012-03-10
550;1420;30783;JJ060;7;5;3;25;5;2012-03-12
551;254;30783;JJ060;6;5;2;71;1;2012-03-13
552;937;30783;JJ060;6;4;2;28;2;2012-03-13
553;972;30783;JJ060;2;1;2;20;3;2012-03-13
554;854;30783;JJ060;7;5;2;29;3;2012-03-15
555;1349;30783;JJ060;3;2;2;54;2;2012-03-15
556;1620;30783;JJ060;5;3;2;22;2;2012-03-15
557;572;30783;JJ060;5;2;2;41;2;2012-03-16
558;1746;30783;JJ060;9;4;4;23;4;2012-03-17
559;239;30676;JJ066;1;1;2;27;4;2012-03-19
560;884;30809;L07;9;5;3;33;4;2012-03-19
561;945;30809;L07;4;5;2;39;1;2012-03-19
562;1179;30809;L07;7;1;3;21;3;2012-03-19
563;1519;30809;L07;4;5;2;21;2;2012-03-19
564;1703;30783;JJ21;4;4;2;13;2;2012-03-19
565;5;30809;L07;8;2;2;33;1;2012-03-20
566;459;30783;JJ21;4;1;3;25;4;2012-03-20
567;610;30809;L07;2;4;2;22;4;2012-03-20
568;706;30780;JJ007;10;5;2;67;2;2012-03-20
569;1080;30780;JJ007;5;3;2;42;1;2012-03-20
570;1230;30676;JJ066;3;2;2;44;5;2012-03-20
571;1699;30809;L07;2;2;2;40;5;2012-03-20
572;391;30780;JJ007;3;5;3;59;2;2012-03-21
573;777;30780;JJ007;4;1;3;67;3;2012-03-21
574;974;30809;L07;10;3;2;70;3;2012-03-21
575;1704;30780;JJ007;7;1;2;48;4;2012-03-21
576;1740;30780;JJ007;2;4;2;14;2;2012-03-21
577;876;30809;L07;10;4;3;26;4;2012-03-22
578;1110;30780;JJ007;2;2;3;7;1;2012-03-22
579;1195;30809;L07;9;3;2;81;2;2012-03-22
580;1421;30809;L07;3;4;2;28;4;2012-03-22
581;1585;30809;L07;9;1;2;23;1;2012-03-22
582;1287;30676;JJ066;7;3;2;21;3;2012-03-25
583;1306;30780;J07;9;1;2;20;5;2012-03-27
584;1019;30780;J07;5;4;2;85;2;2012-03-28
585;54;30687;AK.026;6;5;2;22;1;2012-04-02
586;804;30687;AH.106;4;3;2;8;1;2012-04-05
587;692;30687;AK.026;9;5;2;21;3;2012-04-06
588;1638;30687;AH.106;1;2;2;41;1;2012-04-06
589;1129;30687;AH.106;1;5;2;59;3;2012-04-07
590;1196;30687;AH.106;5;5;2;23;5;2012-04-07
591;369;30687;AH.139;9;5;3;49;2;2012-04-10
592;392;30687;AK.026;9;2;3;59;3;2012-04-11
593;1188;30687;AH.139;7;3;3;34;3;2012-04-12
594;405;30687;AH.139;2;1;2;29;4;2012-04-13
595;1242;30687;AH.106;4;2;2;78;2;2012-04-14
596;130;30687;AH64;4;1;2;33;5;2012-04-15
597;176;30687;AH64;7;3;3;25;1;2012-04-15
598;620;30687;AH.139;10;5;2;69;4;2012-04-15
599;1116;30687;AK.026;9;3;2;68;5;2012-04-16
600;1627;30687;AH.139;8;1;4;76;4;2012-04-16
601;1799;30687;AH.106;6;3;2;27;2;2012-04-16
602;833;30687;AH64;2;5;2;46;4;2012-04-17
603;1371;30687;AH.139;1;1;3;40;4;2012-04-17
604;209;30687;AH64;2;2;2;43;4;2012-04-18
605;351;30687;AH.106;8;5;2;51;3;2012-04-18
606;906;30687;AH64;9;1;2;62;1;2012-04-18
607;1663;30687;AH.139;2;3;2;40;5;2012-04-18
608;1750;30687;AH.106;5;4;2;41;1;2012-04-18
609;299;30687;AH.139;10;3;2;25;4;2012-04-19
610;759;30687;AH.139;2;2;2;29;5;2012-04-19
611;1642;30687;AH.139;7;5;3;63;5;2012-04-19
612;1741;30687;AH.106;1;5;3;29;2;2012-04-19
613;1321;30687;AH.139;7;3;2;19;5;2012-04-20
614;1509;30687;AH.106;2;2;2;96;2;2012-04-20
615;1629;30687;AH.139;9;3;3;80;1;2012-04-20
616;1643;30687;AH.139;5;3;2;46;5;2012-04-20
617;1681;30687;AH.106;8;5;2;94;2;2012-04-20
618;450;30687;AH.139;9;2;2;49;5;2012-04-21
619;899;30687;AH64;6;1;2;45;1;2012-04-21
620;1096;30809;L.13;6;1;2;65;2;2012-04-21
621;247;30687;AH64;5;4;2;20;3;2012-04-22
622;263;30687;AH.139;3;2;3;77;3;2012-04-22
623;269;30687;AH.139;5;3;2;77;4;2012-04-22
624;888;30687;AH64;2;3;2;59;1;2012-04-22
625;993;30687;AK.026;5;3;2;52;2;2012-04-22
626;1673;30687;AH.139;10;4;2;42;5;2012-04-22
627;159;30809;L 06;5;2;3;16;4;2012-04-23
628;307;30809;L.13;1;2;2;22;2;2012-04-23
629;621;30809;L.13;5;4;2;93;5;2012-04-23
630;897;30809;L.13;5;3;2;51;4;2012-04-23
631;1039;30809;L.13;4;1;2;16;5;2012-04-23
632;1214;30809;L.13;4;1;2;17;4;2012-04-23
633;1670;30687;AH.139;2;2;3;69;4;2012-04-23
634;475;30687;AH.139;3;1;2;45;5;2012-04-24
635;490;30809;L.13;10;1;2;111;5;2012-04-24
636;554;30809;L.13;3;4;2;68;3;2012-04-25
637;669;30809;L.13;8;3;3;49;3;2012-04-25
638;687;30809;L.13;3;5;2;20;1;2012-04-25
639;1607;30687;AH.139;5;2;2;27;3;2012-04-25
640;1715;30809;L.13;4;2;2;51;4;2012-04-25
641;1031;30777;J.05;8;4;3;62;4;2012-04-26
642;337;30777;J.05;7;5;2;26;5;2012-04-29
643;1247;30777;J.05;8;5;2;15;4;2012-04-29
644;55;30782;II034;3;2;2;51;1;2012-04-30
645;163;30782;II034;7;2;2;59;1;2012-05-03
646;454;30782;II034;8;2;2;56;3;2012-05-05
647;1505;30777;J.05;3;1;2;16;2;2012-05-06
648;1307;30777;J.05;6;3;3;42;3;2012-05-08
649;1241;30777;J.05;7;1;2;48;5;2012-05-10
650;1258;30782;II034;10;4;2;31;4;2012-05-10
651;8;30782;II034;4;3;2;93;4;2012-05-11
652;151;30782;II034;2;5;2;83;2;2012-05-12
653;1070;30777;J.05;7;4;2;44;3;2012-05-14
654;1278;30777;J.05;6;1;2;89;4;2012-05-14
655;1545;30782;II034;8;1;4;89;2;2012-05-14
656;575;30782;II034;5;5;2;113;2;2012-05-15
657;1243;30777;J.05;6;4;2;36;3;2012-05-15
658;1684;30782;II034;7;5;2;62;3;2012-05-15
659;1800;30777;J.05;9;5;2;102;1;2012-05-15
660;65;30782;II034;8;4;2;38;2;2012-05-16
661;872;30777;J.05;9;3;3;72;4;2012-05-16
662;1185;30777;J.05;9;4;2;64;3;2012-05-16
663;1210;30777;J.05;8;4;2;20;4;2012-05-16
664;1042;30782;II034;1;5;3;99;5;2012-05-17
665;1220;30782;II034;10;2;3;48;5;2012-05-17
666;983;30782;JJ034;3;5;2;98;1;2012-05-19
667;1169;30809;L.23;1;1;2;52;1;2012-05-19
668;268;30774;JJ46;2;5;2;56;4;2012-05-20
669;619;30809;L.23;2;4;2;39;5;2012-05-20
670;652;30782;JJ034;7;4;2;105;2;2012-05-21
671;723;30809;L.23;7;5;2;53;4;2012-05-21
672;880;30782;JJ034;9;1;3;69;4;2012-05-21
673;994;30782;JJ034;9;5;3;55;5;2012-05-21
674;1695;30782;JJ034;9;2;2;79;4;2012-05-21
675;312;30782;JJ034;3;3;2;10;4;2012-05-22
676;1532;30782;JJ034;1;2;2;10;3;2012-05-22
677;1682;30782;JJ034;3;3;2;94;3;2012-05-22
678;1713;30782;JJ034;5;2;3;13;1;2012-05-22
679;30;30809;L.23;3;1;2;46;2;2012-05-23
680;342;30782;JJ034;7;3;3;32;2;2012-05-23
681;563;30809;L.23;9;4;2;32;5;2012-05-23
682;1395;30782;JJ034;2;2;3;67;4;2012-05-23
683;1672;30782;JJ034;4;1;2;84;2;2012-05-23
684;1774;30809;L.23;2;3;2;35;1;2012-05-23
685;161;30809;L.11;9;1;2;72;4;2012-05-24
686;469;30809;L.11;8;1;2;18;3;2012-05-24
687;998;30809;L.11;9;4;2;50;1;2012-05-24
688;1606;30809;L.23;10;3;2;27;2;2012-05-24
689;383;30809;L.11;7;2;2;35;3;2012-05-25
690;975;30809;L.11;2;4;2;20;5;2012-05-25
691;1572;30782;JJ034;7;5;3;81;2;2012-05-25
692;544;30774;JJ063;4;2;2;35;2;2012-05-27
693;1353;30774;JJ063;7;1;2;31;5;2012-06-02
694;281;30774;JJ046;10;5;2;27;1;2012-06-18
695;1244;30780;JJ64;5;2;2;36;5;2012-06-19
696;793;30774;JJ056;5;1;2;22;1;2012-06-24
697;775;30774;JJ063;3;4;2;46;3;2012-06-25
698;1319;30780;JJ64;8;5;2;68;3;2012-07-02
699;1315;30780;JJ64;3;3;2;77;1;2012-07-04
700;173;30774;JJ46;9;1;2;45;5;2012-07-09
701;693;30774;JJ46;10;1;3;98;5;2012-07-13
702;1755;30788;J48;1;1;2;99;4;2012-07-13
703;67;30774;JJ63;8;3;3;62;1;2012-07-17
704;146;30774;JJ46;10;4;2;21;4;2012-07-17
705;451;30774;JJ63;10;1;4;23;3;2012-07-17
706;562;30774;JJ63;5;4;4;29;3;2012-07-17
707;925;30774;JJ63;6;1;4;41;5;2012-07-17
708;931;30774;JJ63;1;3;2;22;2;2012-07-17
709;1744;30774;JJ63;9;2;2;126;5;2012-07-17
710;1118;30774;JJ63;3;4;2;133;2;2012-07-18
711;569;30809;L24;7;4;2;71;5;2012-07-20
712;527;30809;L 27;10;2;2;50;5;2012-07-21
713;722;30809;L 27;10;1;4;21;5;2012-07-21
714;96;30809;L 27;1;2;2;29;4;2012-07-22
715;778;30774;JJ46;2;5;2;72;2;2012-07-22
716;1026;30774;JJ46;2;4;2;70;2;2012-07-23
717;709;30774;J17;10;5;2;27;3;2012-07-24
718;1151;30774;JJ46;10;2;3;90;2;2012-07-24
719;1212;30774;JJ46;2;3;2;29;1;2012-07-24
720;1259;30774;JJ46;10;1;2;31;2;2012-07-24
721;1341;30809;L 28;5;5;2;67;1;2012-07-24
722;1471;30809;L 28;2;3;2;32;5;2012-07-24
723;348;30774;J17;4;1;3;56;1;2012-07-25
724;682;30809;L 28;3;2;3;38;4;2012-07-25
725;956;30782;II22;8;1;2;53;2;2012-07-25
726;999;30782;II22;5;3;2;107;1;2012-07-25
727;1008;30774;JJ46;3;2;2;38;5;2012-07-25
728;1191;30774;JJ46;7;3;2;32;5;2012-07-25
729;1749;30782;JJ46;10;4;2;74;4;2012-07-27
730;688;30673;KK021;3;2;2;35;4;2012-08-06
731;1257;30673;KK021;4;5;3;23;4;2012-08-16
732;885;30783;JJ016;8;1;2;40;2;2012-08-17
733;528;30774;JJ17;6;5;2;15;5;2012-08-18
734;1204;30774;JJ17;8;4;2;34;4;2012-08-18
735;751;30774;JJ17;10;2;2;25;1;2012-08-20
736;1407;30783;JJ016;4;1;3;25;3;2012-08-20
737;1644;30774;JJ17;7;4;2;98;3;2012-08-20
738;520;30774;JJ17;6;5;2;51;5;2012-08-21
739;180;30783;JJ016;1;5;2;50;5;2012-08-22
740;908;30809;L 34;8;4;2;22;4;2012-08-22
741;915;30774;JJ17;2;2;2;13;5;2012-08-22
742;1498;30783;JJ016;3;1;3;43;3;2012-08-22
743;384;30783;JJ016;8;4;2;25;5;2012-08-23
744;663;30774;JJ17;5;4;2;89;4;2012-08-23
745;440;30774;JJ17;3;1;2;21;2;2012-08-24
746;523;30809;L 34;1;1;2;83;4;2012-08-24
747;227;30783;JJ016;9;1;2;74;5;2012-08-25
748;330;30774;JJ17;6;1;2;19;3;2012-08-25
749;496;30809;L 34;2;1;2;43;1;2012-08-25
750;539;30783;JJ016;9;3;3;49;2;2012-08-25
751;639;30809;L 34;7;3;2;17;5;2012-08-25
752;800;30783;JJ016;8;5;3;20;2;2012-08-25
753;1355;30774;JJ17;9;1;2;77;5;2012-08-25
754;292;30774;J17;6;5;2;48;4;2012-08-28
755;1329;30774;J17;1;4;3;33;4;2012-08-29
756;442;30774;J17;2;2;2;105;5;2012-08-31
757;827;30774;J17;6;1;2;55;4;2012-08-31
758;1759;30774;J17;3;1;3;18;1;2012-09-01
759;1285;30774;J17;10;3;2;25;5;2012-09-03
760;1521;30673;K 21;10;2;2;27;1;2012-09-09
761;987;30673;K 21;5;3;2;90;4;2012-09-10
762;769;30673;K 21;1;3;2;88;5;2012-09-11
763;1291;30774;J17;7;3;2;71;2;2012-09-13
764;1403;30673;K 21;4;4;2;35;1;2012-09-14
765;432;30774;J17;3;4;2;15;3;2012-09-17
766;1510;30774;J17;2;1;3;21;5;2012-09-17
767;1625;30774;J17;1;5;4;21;3;2012-09-17
768;201;30774;J17;10;1;3;56;2;2012-09-18
769;1284;30676;KK016;2;4;2;25;2;2012-09-18
770;587;30673;KK021;5;2;2;40;5;2012-09-19
771;1127;30782;K020;3;4;2;60;2;2012-09-19
772;142;30774;J17;5;2;2;48;3;2012-09-20
773;290;30676;KK016;3;1;3;80;5;2012-09-20
774;1126;30676;KK016;9;5;2;52;5;2012-09-20
775;1442;30774;J17;4;5;2;43;2;2012-09-20
776;1552;30774;J17;5;2;2;18;5;2012-09-20
777;154;30774;J17;9;3;2;55;1;2012-09-21
778;182;30774;J17;7;4;2;31;5;2012-09-21
779;234;30774;J17;10;4;3;64;2;2012-09-21
780;667;30774;J17;3;2;2;55;4;2012-09-21
781;1048;30774;J17;9;3;2;87;1;2012-09-21
782;1131;30774;J17;4;5;2;78;4;2012-09-21
783;1297;30774;J17;9;3;2;18;2;2012-09-21
784;1500;30774;J17;2;1;3;17;3;2012-09-21
785;99;30676;KK016;9;1;2;22;2;2012-09-22
786;278;30673;K 21;1;5;2;40;3;2012-09-22
787;1334;30673;K 21;7;3;2;35;5;2012-09-22
788;1374;30676;KK016;3;4;3;46;5;2012-09-23
789;1501;30774;J17;10;4;2;32;1;2012-09-23
790;1674;30676;KK016;10;4;2;30;2;2012-09-23
791;140;30774;J17;5;5;3;23;2;2012-09-24
792;353;30673;K 21;4;1;2;74;3;2012-09-24
793;1074;30774;J17;6;3;2;17;4;2012-09-24
794;1391;30774;J17;1;1;4;37;3;2012-09-24
795;1473;30774;J17;8;3;2;18;3;2012-09-24
796;1502;30774;J17;10;5;2;44;1;2012-09-24
797;230;30782;J17;10;3;2;55;2;2012-09-25
798;374;30782;J17;6;2;2;74;3;2012-09-25
799;586;30782;J17;8;3;3;42;5;2012-09-25
800;607;30782;J17;5;4;3;102;5;2012-09-25
801;645;30673;K 21;3;5;2;22;5;2012-09-25
802;1157;30673;K 21;8;2;2;80;1;2012-09-25
803;1419;30673;KK021;3;1;3;45;3;2012-09-25
804;1702;30782;J17;8;3;3;45;5;2012-09-25
805;1803;30782;JJ025;6;4;2;79;3;2012-10-16
806;320;30782;JJ025;3;3;2;53;2;2012-10-20
807;167;30774;JJ041;5;5;2;81;1;2012-10-21
808;1063;30774;JJ041;5;4;2;43;4;2012-10-21
809;1136;30774;JJ041;9;5;2;19;2;2012-10-21
810;944;30673;K002;3;4;3;34;1;2012-10-22
811;1217;30673;K 02;1;1;3;20;4;2012-10-22
812;1301;30673;K002;10;2;2;18;2;2012-10-22
813;1342;30673;K 02;1;1;2;19;3;2012-10-22
814;1530;30782;JJ025;10;2;2;30;4;2012-10-22
815;1612;30673;K002;2;2;2;37;5;2012-10-22
816;1756;30673;K002;5;2;3;62;2;2012-10-22
817;736;30774;JJ041;6;1;4;67;3;2012-10-23
818;756;30774;JJ041;3;2;4;40;4;2012-10-23
819;1311;30673;K 02;10;4;2;66;3;2012-10-23
820;1639;30673;K 02;5;1;2;41;5;2012-10-23
821;6;30673;K002;5;2;2;33;5;2012-10-24
822;222;30774;JJ041;8;5;2;42;5;2012-10-24
823;595;30673;K 02;5;5;2;14;2;2012-10-24
824;932;30673;K002;5;2;4;54;3;2012-10-24
825;1439;30782;JJ025;10;2;3;22;5;2012-10-24
826;549;30673;K002;9;2;2;18;3;2012-10-25
827;655;30673;K 02;10;5;2;22;2;2012-10-25
828;1036;30673;K002;2;2;2;17;5;2012-10-25
829;1092;30782;JJ025;8;4;2;30;2;2012-10-25
830;1166;30782;JJ025;1;2;3;34;1;2012-10-25
831;1351;30673;K 02;5;1;3;23;5;2012-10-25
832;143;30779;JJ050;3;2;2;23;2;2012-11-01
833;783;30779;JJ050;2;1;2;47;4;2012-11-06
834;152;30779;JJ050;9;3;2;53;1;2012-11-17
835;175;30782;II045;9;4;2;23;3;2012-11-19
836;346;30782;II045;8;5;2;20;4;2012-11-19
837;627;30782;II045;8;1;2;19;3;2012-11-19
838;1001;30782;II045;5;2;3;44;5;2012-11-19
839;1041;30782;II045;10;1;2;18;2;2012-11-19
840;1343;30782;II045;10;2;4;22;5;2012-11-19
841;474;30779;JJ050;3;4;4;38;3;2012-11-20
842;680;30673;K02;7;1;2;39;1;2012-11-20
843;1390;30779;JJ050;2;2;2;78;3;2012-11-20
844;1423;30673;K02;9;1;3;99;1;2012-11-20
845;1434;30673;K02;3;3;2;61;2;2012-11-20
846;1648;30673;K02;6;4;2;69;3;2012-11-20
847;1666;30779;JJ050;2;2;2;16;1;2012-11-20
848;1302;30782;II045;8;3;2;46;3;2012-11-21
849;1425;30782;II045;3;4;2;22;2;2012-11-21
850;1469;30673;K02;6;1;2;78;2;2012-11-21
851;661;30673;K02;9;1;2;54;3;2012-11-22
852;1033;30673;K02;4;3;2;40;3;2012-11-22
853;1205;30673;K02;5;1;2;26;1;2012-11-22
854;1402;30673;K02;3;2;2;50;4;2012-11-22
855;1578;30673;K02;5;1;2;44;3;2012-11-22
856;1100;30676;KK036;3;1;2;49;1;2012-11-23
857;704;30676;KK036;1;5;2;34;4;2012-11-24
858;1272;30673;K02;10;2;3;21;5;2012-11-24
859;1308;30673;K02;9;2;4;47;3;2012-11-24
860;1417;30673;K02;4;3;3;52;5;2012-11-24
861;1250;30673;K02;9;1;2;53;1;2012-11-25
862;1724;30673;II50;5;2;2;27;5;2012-11-30
863;1538;30673;II50;2;3;2;62;1;2012-12-10
864;367;30673;II50;10;1;2;69;3;2012-12-13
865;1661;30673;II50;8;4;3;50;2;2012-12-13
866;801;30673;KK028;1;3;3;20;3;2012-12-14
867;1493;30782;II50;8;5;2;70;5;2012-12-14
868;336;30782;II50;3;3;3;49;1;2012-12-15
869;194;30783;KK023;10;2;2;60;3;2012-12-17
870;1189;30783;K 23;7;5;2;25;3;2012-12-17
871;1251;30782;II50;8;1;2;53;3;2012-12-18
872;1751;30782;II50;8;3;3;36;1;2012-12-18
873;1168;30782;II50;9;4;2;47;5;2012-12-19
874;1276;30782;II50;4;5;2;49;2;2012-12-19
875;126;30673;KK029;4;4;2;24;1;2012-12-20
876;1065;30673;KK029;2;1;3;22;4;2012-12-21
877;1133;30783;K 23;2;1;2;73;2;2012-12-21
878;1725;30673;II50;7;5;2;27;5;2012-12-21
879;125;30673;KK029;3;5;2;79;2;2012-12-22
880;507;30783;K 23;2;2;2;93;3;2012-12-22
881;1438;30673;KK029;1;1;2;34;2;2012-12-22
882;1637;30673;II50;10;3;2;67;4;2012-12-22
883;1757;30673;KK029;5;2;3;62;5;2012-12-23
884;877;30783;KK023;7;4;3;17;5;2012-12-24
885;1221;30783;KK023;10;3;2;96;5;2012-12-24
886;1266;30778;KK010;7;1;4;41;1;2012-12-24
887;533;30783;KK023;7;3;2;56;3;2012-12-25
888;988;30783;KK023;4;5;4;86;4;2012-12-25
889;1688;30673;II50;10;2;2;48;3;2012-12-25
890;1513;30779;JJ018;2;3;2;20;1;2012-12-28
891;1765;30780;J045;9;5;2;90;3;2012-12-28
892;246;30779;JJ018;2;4;3;44;4;2012-12-29
893;495;30774;JJ060;9;1;4;44;1;2012-12-29
894;879;30774;JJ060;5;1;2;33;3;2012-12-29
895;907;30779;JJ018;6;4;3;37;1;2012-12-30
896;1347;30774;JJ060;9;1;2;51;3;2012-12-31
897;1489;30779;JJ018;4;3;2;18;5;2012-12-31
898;31;30780;KK024;8;5;2;46;4;2013-01-22
899;137;30676;K34;4;2;2;21;2;2013-01-22
900;1660;30780;KK024;8;4;2;15;5;2013-01-22
901;1528;30780;KK024;4;3;2;12;3;2013-01-23
902;1101;30777;K06;8;3;2;22;3;2013-01-24
903;1539;30676;KK016;7;4;2;62;4;2013-01-25
904;1709;30780;KK024;3;1;2;27;4;2013-01-25
905;1233;30777;K37;3;3;2;37;1;2013-01-26
906;1248;30774;K37;7;4;2;15;1;2013-02-06
907;443;30774;K37;6;5;2;24;2;2013-02-09
908;1202;30774;K37;7;2;2;20;1;2013-02-10
909;1487;30780;K24;5;4;3;24;5;2013-02-12
910;501;30774;KK007;10;4;2;54;2;2013-02-13
911;647;30777;KK009;10;3;2;20;3;2013-02-14
912;1735;30777;KK009;6;4;2;19;3;2013-02-14
913;1710;30777;KK009;8;4;3;21;4;2013-02-15
914;382;30777;KK009;4;4;2;31;5;2013-02-16
915;990;30777;KK009;10;3;2;40;5;2013-02-16
916;1275;30780;K24;5;3;2;30;2;2013-02-16
917;1649;30777;KK009;3;4;2;23;2;2013-02-16
918;1617;30782;JJ24;8;2;3;35;5;2013-02-23
919;1418;30777;KK009;1;5;2;41;5;2013-02-25
920;1404;30782;J036;10;5;2;35;1;2013-03-15
921;834;30782;JJ036;5;2;2;46;5;2013-03-18
922;333;30763;K 25;9;5;2;19;3;2013-03-24
923;1180;30783;KK028;7;1;2;23;4;2013-04-02
924;808;30783;KK028;10;1;3;54;1;2013-04-04
925;390;30783;KK028;9;4;2;21;3;2013-04-12
926;396;30782;J036;7;5;3;35;5;2013-04-13
927;933;30782;J036;7;3;2;84;2;2013-04-13
928;1652;30782;J036;10;5;3;72;1;2013-04-14
929;612;30782;J036;9;3;2;63;3;2013-04-16
930;926;30782;J036;1;4;3;90;4;2013-04-16
931;1477;30782;J036;4;2;2;98;1;2013-04-16
932;321;30783;KK028;2;4;2;39;5;2013-04-17
933;1193;30783;KK028;2;4;3;99;1;2013-04-17
934;1056;30783;KK025;5;2;3;33;5;2013-04-18
935;196;30783;KK028;1;4;2;40;3;2013-04-20
936;683;30783;KK028;10;2;3;27;1;2013-04-20
937;739;30783;KK025;10;4;2;15;4;2013-04-20
938;825;30783;KK025;4;5;2;21;1;2013-04-20
939;1317;30783;KK028;7;5;2;24;1;2013-04-20
940;1324;30783;KK028;2;1;2;84;4;2013-04-20
941;1598;30783;KK028;6;4;2;94;4;2013-04-20
942;500;30783;KK028;5;3;3;53;1;2013-04-22
943;831;30783;KK025;9;2;2;25;3;2013-04-22
944;992;30783;KK025;10;4;3;65;4;2013-04-22
945;1049;30783;KK025;4;1;2;38;3;2013-04-22
946;1544;30783;KK028;5;5;3;41;4;2013-04-22
947;1632;30783;KK028;9;1;3;86;2;2013-04-22
948;758;30780;KK033;9;3;2;79;3;2013-04-23
949;855;30783;KK028;6;2;2;29;5;2013-04-23
950;900;30783;KK025;8;1;3;15;4;2013-04-23
951;1254;30783;KK028;2;3;3;24;2;2013-04-23
952;1271;30780;KK008;2;3;2;46;3;2013-04-23
953;1310;30783;KK028;1;3;3;20;4;2013-04-23
954;1712;30783;KK028;3;5;2;28;5;2013-04-23
955;216;30780;KK033;8;2;2;41;1;2013-04-24
956;218;30780;KK033;3;5;2;39;2;2013-04-24
957;293;30783;KK028;2;2;2;48;2;2013-04-24
958;296;30780;KK033;7;2;2;23;2;2013-04-24
959;1075;30783;KK028;1;3;2;17;5;2013-04-24
960;1088;30783;KK025;7;2;2;22;1;2013-04-24
961;1177;30783;KK025;10;4;2;24;4;2013-04-25
962;1292;30783;KK028;2;4;2;71;4;2013-04-25
963;862;30783;KK028;4;4;2;77;4;2013-04-30
964;856;30783;KK028;5;3;2;56;3;2013-05-03
965;1352;30783;KK028;7;1;2;34;5;2013-05-07
966;1255;30783;KK028;3;4;3;57;2;2013-05-14
967;935;30783;KK025;6;1;3;58;4;2013-05-16
968;642;30572;JJ006;6;5;2;47;4;2013-05-19
969;1451;30780;K027;3;3;2;45;4;2013-05-19
970;233;30572;JJ006;7;3;2;61;3;2013-05-20
971;566;30780;K027;1;1;2;39;2;2013-05-20
972;752;30780;K027;9;2;2;85;1;2013-05-20
973;978;30780;JJ037;9;1;3;45;1;2013-05-20
974;1006;30780;JJ037;1;5;3;19;4;2013-05-20
975;1385;30572;JJ006;1;2;2;31;4;2013-05-20
976;127;30780;JJ037;9;5;4;43;3;2013-05-21
977;387;30572;JJ006;5;5;3;60;5;2013-05-21
978;875;30572;JJ006;10;2;4;48;1;2013-05-21
979;1356;30572;JJ006;10;4;2;25;2;2013-05-21
980;33;30783;KK025;4;3;2;67;5;2013-05-22
981;206;30572;JJ006;1;3;3;59;2;2013-05-22
982;402;30572;JJ006;3;2;2;32;2;2013-05-22
983;452;30572;JJ006;3;5;2;22;3;2013-05-22
984;1524;30783;KK025;10;3;3;24;2;2013-05-22
985;184;30783;KK028;1;3;2;22;3;2013-05-23
986;1409;30783;KK028;9;5;3;81;2;2013-05-23
987;1449;30780;JJ048;8;3;3;30;1;2013-05-23
988;1484;30783;KK028;6;2;2;77;4;2013-05-23
989;123;30783;KK025;9;2;3;23;4;2013-05-24
990;223;30572;JJ006;4;5;3;37;3;2013-05-24
991;261;30780;JJ048;10;5;2;20;1;2013-05-24
992;274;30780;JJ048;4;1;3;21;4;2013-05-24
993;285;30780;JJ048;5;4;2;43;1;2013-05-24
994;492;30783;KK028;9;2;2;38;3;2013-05-24
995;812;30780;K008;9;3;2;49;5;2013-05-24
996;1253;30783;KK028;3;2;3;28;2;2013-05-24
997;1303;30780;JJ048;8;2;2;21;5;2013-05-24
998;1706;30783;KK028;3;4;2;61;3;2013-05-24
999;147;30572;JJ006;5;5;3;6;2;2013-05-25
1000;231;30572;JJ006;6;1;2;66;5;2013-05-25
1001;407;30572;JJ006;7;1;2;29;3;2013-05-25
1002;437;30780;K027;5;5;2;103;5;2013-05-25
1003;494;30783;KK025;3;3;2;89;5;2013-05-25
1004;503;30783;KK028;4;5;3;50;1;2013-05-25
1005;542;30783;KK028;2;5;2;42;5;2013-05-25
1006;724;30783;KK028;7;4;2;13;3;2013-05-25
1007;1061;30783;KK028;9;1;2;36;1;2013-05-25
1008;1077;30780;K027;3;3;2;30;4;2013-05-25
1009;1111;30572;JJ006;1;5;4;26;1;2013-05-25
1010;1113;30783;KK028;7;4;3;61;5;2013-05-25
1011;1143;30780;K027;2;1;2;40;3;2013-05-25
1012;1357;30783;KK028;1;1;2;16;5;2013-05-25
1013;1010;30780;KK027;5;5;2;19;1;2013-05-26
1014;863;30783;KK028;10;4;2;29;1;2013-05-29
1015;1430;30778;KK004;9;5;2;76;4;2013-06-03
1016;765;30778;KK004;5;3;2;41;1;2013-06-06
1017;1747;30778;KK004;1;1;2;91;2;2013-06-06
1018;1727;30778;KK004;4;1;2;39;1;2013-06-08
1019;1318;30778;KK004;6;1;2;80;4;2013-06-10
1020;1345;30778;KK004;2;2;2;91;1;2013-06-10
1021;332;30778;KK004;2;2;2;48;3;2013-06-11
1022;725;30778;KK004;7;1;2;13;4;2013-06-13
1023;1459;30780;KK005;7;4;2;21;1;2013-06-13
1024;989;30783;KK028;8;3;3;23;2;2013-06-15
1025;1007;30778;KK004;2;5;2;38;3;2013-06-15
1026;1788;30778;KK004;2;2;2;92;2;2013-06-15
1027;550;30783;KK028;3;2;2;49;1;2013-06-16
1028;37;30778;KK001;6;2;2;82;1;2013-06-17
1029;427;30778;KK004;6;5;2;19;5;2013-06-17
1030;472;30778;KK004;9;1;2;68;1;2013-06-17
1031;1645;30778;KK001;8;5;2;23;4;2013-06-17
1032;909;30780;KK024;10;3;2;45;5;2013-06-18
1033;1051;30783;KK028;6;4;2;19;3;2013-06-18
1034;1267;30778;KK004;1;2;2;40;5;2013-06-18
1035;70;30780;KK024;3;5;2;43;2;2013-06-19
1036;306;30778;KK004;1;3;2;21;5;2013-06-19
1037;615;30778;KK005;6;3;3;40;3;2013-06-19
1038;224;30778;KK005;9;4;4;27;3;2013-06-20
1039;237;30780;II048;7;4;2;18;3;2013-06-20
1040;794;30780;II048;10;3;2;22;5;2013-06-20
1041;946;30778;KK004;10;4;2;60;5;2013-06-20
1042;1499;30780;II048;4;1;2;67;4;2013-06-20
1043;403;30778;KK005;3;1;3;30;5;2013-06-21
1044;1286;30780;II048;1;5;3;68;5;2013-06-21
1045;1445;30780;II048;6;4;3;22;2;2013-06-21
1046;1543;30778;KK004;7;4;2;108;2;2013-06-21
1047;221;30780;II048;7;5;3;52;1;2013-06-22
1048;541;30780;II048;4;3;2;29;1;2013-06-22
1049;193;30780;II048;3;4;4;20;2;2013-06-23
1050;225;30780;II048;10;1;2;41;2;2013-06-23
1051;1293;30783;KK028;10;5;3;19;2;2013-06-23
1052;553;30780;II048;4;1;2;24;5;2013-06-24
1053;635;30778;KK004;9;1;3;21;5;2013-06-24
1054;711;30780;II030;8;2;2;37;2;2013-06-24
1055;890;30780;II048;5;4;3;60;3;2013-06-24
1056;1718;30783;KK028;7;2;2;27;3;2013-06-24
1057;1781;30778;KK001;3;3;2;19;3;2013-06-24
1058;48;30778;KK001;7;4;2;85;4;2013-06-25
1059;79;30778;KK004;2;2;2;19;2;2013-06-25
1060;721;30780;II048;8;1;2;34;5;2013-06-25
1061;744;30778;KK004;7;1;2;43;1;2013-06-25
1062;1153;30778;KK005;3;5;3;104;1;2013-06-25
1063;1753;30778;KK004;1;3;2;21;3;2013-06-25
1064;535;30572;II025;1;3;2;91;2;2013-07-16
1065;1577;30572;II025;4;3;3;65;2;2013-07-16
1066;1659;30778;KK005;5;5;2;52;1;2013-07-16
1067;1723;30572;II025;10;5;2;61;2;2013-07-16
1068;1786;30572;II025;10;2;2;20;3;2013-07-16
1069;1802;30778;KK001;1;1;2;75;5;2013-07-16
1070;78;30572;II025;1;4;2;21;1;2013-07-17
1071;584;30778;KK001;9;1;2;86;5;2013-07-17
1072;823;30572;II025;10;2;2;62;2;2013-07-17
1073;971;30572;II025;5;4;2;105;1;2013-07-17
1074;1200;30572;II025;1;3;2;86;5;2013-07-17
1075;68;30778;KK005;2;1;2;19;1;2013-07-18
1076;502;30778;KK005;10;4;2;54;4;2013-07-18
1077;614;30778;KK005;2;3;3;44;4;2013-07-18
1078;826;30778;KK005;8;1;2;21;2;2013-07-18
1079;867;30778;KK005;5;1;2;22;5;2013-07-18
1080;1071;30778;KK001;7;3;2;44;1;2013-07-18
1081;1187;30778;KK005;8;4;2;20;4;2013-07-18
1082;1263;30572;JJ031;5;2;3;77;4;2013-07-18
1083;1692;30572;JJ031;4;1;2;80;3;2013-07-18
1084;1790;30778;KK005;10;5;2;104;3;2013-07-18
1085;12;30778;KK005;7;3;2;19;5;2013-07-19
1086;338;30778;KK001;5;3;2;67;5;2013-07-19
1087;673;30778;KK005;3;2;2;88;3;2013-07-19
1088;1104;30778;KK001;5;1;2;20;3;2013-07-20
1089;1194;30778;KK001;2;1;2;30;2;2013-07-20
1090;1268;30572;JJ031;9;3;2;24;2;2013-07-20
1091;77;30572;JJ031;9;2;2;21;4;2013-07-22
1092;132;30778;KK005;6;2;2;75;2;2013-07-22
1093;213;30572;JJ031;10;5;2;29;4;2013-07-22
1094;789;30778;KK005;9;3;2;33;2;2013-07-22
1095;984;30778;KK005;4;5;4;62;3;2013-07-22
1096;1125;30778;KK005;6;5;2;58;5;2013-07-22
1097;731;30572;JJ031;6;4;2;29;2;2013-07-23
1098;809;30778;KK005;5;5;4;63;1;2013-07-23
1099;961;30778;KK001;6;5;2;58;1;2013-07-23
1100;968;30572;JJ031;4;4;4;64;3;2013-07-23
1101;1238;30778;KK001;2;1;2;24;1;2013-07-23
1102;1599;30778;KK005;8;5;2;52;2;2013-07-23
1103;1603;30778;KK005;5;2;3;28;1;2013-07-23
1104;573;30778;KK001;1;4;2;81;3;2013-07-24
1105;698;30778;KK005;6;4;2;19;5;2013-07-24
1106;843;30778;KK005;2;5;2;19;2;2013-07-24
1107;852;30572;JJ031;10;3;2;21;5;2013-07-24
1108;874;30778;KK005;2;5;3;50;1;2013-07-24
1109;970;30778;KK001;6;4;2;28;1;2013-07-24
1110;1160;30778;KK001;6;5;2;37;2;2013-07-24
1111;1444;30778;KK001;3;5;2;47;2;2013-07-24
1112;1482;30778;KK001;7;2;2;19;3;2013-07-24
1113;199;30778;KK005;10;4;2;22;5;2013-07-25
1114;302;30778;KK005;4;3;2;26;1;2013-07-25
1115;596;30778;KK005;2;4;4;24;1;2013-07-25
1116;1680;30572;JJ040;8;5;2;110;4;2013-07-25
1117;1678;30572;JJ031;1;2;2;32;2;2013-07-28
1118;1568;30157;JJ006;2;2;2;22;2;2013-08-11
1119;1696;30157;JJ006;10;3;2;40;3;2013-08-11
1120;122;30157;JJ006;4;5;3;24;4;2013-08-13
1121;873;30157;JJ006;7;2;3;16;3;2013-08-13
1122;75;30157;JJ006;1;4;2;31;1;2013-08-14
1123;219;30157;JJ006;8;1;4;17;5;2013-08-14
1124;525;30157;JJ006;2;5;2;199;5;2013-08-14
1125;1457;30157;JJ006;2;3;2;48;4;2013-08-14
1126;1483;30157;JJ006;8;1;2;70;3;2013-08-14
1127;456;30157;JJ006;2;3;2;86;2;2013-08-16
1128;1529;30157;JJ006;6;1;2;10;4;2013-08-16
1129;488;30157;JJ006;4;3;3;23;2;2013-08-17
1130;1597;30157;JJ006;9;4;2;86;5;2013-08-17
1131;524;30157;JJ006;2;2;2;22;2;2013-08-18
1132;598;30157;JJ006;6;2;2;38;5;2013-08-18
1133;829;30157;JJ42;9;4;2;24;1;2013-08-18
1134;1646;30157;JJ006;8;4;3;62;1;2013-08-18
1135;365;30157;JJ006;2;3;2;22;4;2013-08-19
1136;511;30157;JJ42;6;1;2;38;2;2013-08-19
1137;611;30157;JJ006;3;4;2;24;4;2013-08-19
1138;665;30157;JJ006;9;2;2;28;2;2013-08-19
1139;1102;30157;JJ006;10;3;2;16;1;2013-08-19
1140;1406;30157;JJ006;9;2;2;21;2;2013-08-19
1141;1719;30157;JJ006;3;3;4;34;3;2013-08-19
1142;630;30157;JJ42;4;3;2;76;5;2013-08-20
1143;1073;30157;JJ42;8;2;3;79;4;2013-08-20
1144;1363;30157;JJ42;9;5;2;17;3;2013-08-20
1145;1441;30157;JJ006;2;1;2;61;4;2013-08-20
1146;1780;30157;JJ006;4;2;2;18;3;2013-08-20
1147;996;30157;JJ42;9;4;2;43;5;2013-08-21
1148;420;30157;JJ006;8;3;3;51;1;2013-08-22
1149;1350;30157;JJ006;10;4;2;26;5;2013-08-22
1150;1426;30157;JJ42;3;1;2;11;1;2013-08-22
1151;557;30157;JJ42;3;5;2;27;5;2013-08-23
1152;633;30157;JJ006;9;1;3;49;3;2013-08-23
1153;732;30572;JJ031;3;1;2;29;5;2013-08-23
1154;1072;30157;JJ42;1;5;2;36;4;2013-08-23
1155;74;30572;JJ031;7;5;2;31;1;2013-08-24
1156;108;30157;JJ006;6;4;2;15;4;2013-08-24
1157;174;30780;LL016;8;4;2;82;3;2013-08-24
1158;461;30780;JJ065;6;5;3;68;2;2013-08-24
1159;601;30780;JJ065;8;5;2;32;2;2013-08-24
1160;918;30572;JJ031;10;1;2;19;5;2013-08-24
1161;997;30780;LL016;5;2;2;82;4;2013-08-24
1162;1337;30572;JJ031;7;4;2;24;1;2013-08-24
1163;1533;30572;JJ031;9;3;2;52;4;2013-08-24
1164;172;30780;LL016;2;3;2;106;2;2013-08-25
1165;664;30780;LL016;2;4;2;48;3;2013-08-25
1166;927;30783;JJ004;5;5;3;18;2;2013-08-25
1167;1427;30572;JJ031;5;3;2;51;5;2013-08-25
1168;734;30783;KK009;4;1;3;39;4;2013-09-11
1169;1060;30783;KK009;2;1;2;20;2;2013-09-11
1170;522;30783;KK009;8;2;3;61;3;2013-09-12
1171;436;30780;KK016;4;4;2;43;1;2013-09-17
1172;1235;30780;KK016;8;3;4;68;4;2013-09-17
1173;1797;30780;L002;10;4;2;67;2;2013-09-17
1174;97;30780;L002;6;4;2;48;3;2013-09-18
1175;512;30780;L002;2;2;3;30;2;2013-09-18
1176;1059;30780;KK016;10;5;3;45;2;2013-09-18
1177;1135;30780;KK016;3;2;2;49;2;2013-09-18
1178;1265;30780;KK016;7;3;3;21;1;2013-09-18
1179;1801;30780;L002;8;5;2;79;1;2013-09-18
1180;339;30780;KK016;4;3;3;62;4;2013-09-19
1181;534;30780;L002;6;1;3;22;2;2013-09-19
1182;773;30780;L002;7;5;2;24;4;2013-09-19
1183;910;30780;L002;3;5;3;93;3;2013-09-19
1184;1468;30780;KK016;6;4;2;19;5;2013-09-19
1185;1571;30780;KK016;5;5;2;79;1;2013-09-19
1186;349;30780;KK016;3;4;2;18;2;2013-09-20
1187;1097;30780;L002;2;1;2;19;3;2013-09-20
1188;1358;30780;KK016;1;3;3;21;5;2013-09-20
1189;1762;30780;L002;9;2;2;19;3;2013-09-20
1190;1787;30780;L002;9;2;3;66;5;2013-09-20
1191;319;30780;L002;8;4;2;52;1;2013-09-21
1192;1277;30780;KK016;2;4;2;28;1;2013-09-21
1193;1388;30780;KK016;6;3;3;21;4;2013-09-21
1194;1428;30780;KK016;8;3;3;19;5;2013-09-21
1195;521;30783;KK009;3;2;2;32;1;2013-09-22
1196;738;30780;L002;5;4;2;42;4;2013-09-22
1197;1261;30780;L002;5;5;3;18;5;2013-09-22
1198;355;30780;L002;1;4;2;69;2;2013-09-23
1199;941;30780;LL026;5;2;2;42;1;2013-09-23
1200;1014;30780;LL026;6;2;2;32;3;2013-09-23
1201;624;30780;KK016;5;5;2;41;4;2013-09-24
1202;791;30780;L002;9;2;2;29;3;2013-09-24
1203;903;30780;L002;2;1;3;21;5;2013-09-24
1204;1776;30780;L002;1;4;3;53;4;2013-09-24
1205;220;30780;KK016;7;2;2;105;2;2013-09-25
1206;248;30780;LL026;4;2;2;21;5;2013-09-25
1207;251;30780;LL026;8;2;2;20;5;2013-09-25
1208;255;30780;L002;10;1;2;21;3;2013-09-25
1209;902;30780;LL026;4;4;4;70;1;2013-09-25
1210;1181;30780;KK016;3;4;2;23;5;2013-09-25
1211;1415;30780;KK016;1;5;2;54;1;2013-09-25
1212;32;30780;L 002;3;4;2;52;1;2013-09-30
1213;1460;30780;L 002;9;2;2;57;2;2013-10-02
1214;1393;30780;L 002;10;5;2;68;5;2013-10-14
1215;1322;30780;L002;10;1;2;19;2;2013-10-19
1216;491;30572;JJ019;4;5;2;19;4;2013-10-20
1217;1037;30572;JJ019;2;5;4;20;5;2013-10-20
1218;844;30783;LL018;4;3;2;19;3;2013-10-21
1219;1154;30783;LL106;10;5;2;23;3;2013-10-21
1220;1601;30780;L002;8;2;2;25;5;2013-10-21
1221;1630;30780;L002;9;4;2;51;2;2013-10-21
1222;1714;30780;L002;7;1;2;21;4;2013-10-21
1223;119;30783;LL018;7;4;3;50;2;2013-10-22
1224;322;30572;JJ019;5;4;2;71;1;2013-10-22
1225;487;30783;LL018;8;5;2;21;4;2013-10-22
1226;513;30572;JJ019;7;5;2;46;3;2013-10-22
1227;707;30783;LL018;3;1;3;16;5;2013-10-22
1228;797;30572;JJ019;3;3;2;64;3;2013-10-22
1229;1057;30783;LL106;9;5;2;37;5;2013-10-22
1230;404;30572;JJ019;6;4;2;42;1;2013-10-23
1231;718;30783;LL018;8;3;3;32;3;2013-10-23
1232;819;30783;LL106;3;5;4;47;1;2013-10-23
1233;881;30783;LL018;6;4;2;19;1;2013-10-23
1234;1518;30783;LL018;7;3;4;39;4;2013-10-23
1235;1783;30783;LL018;5;5;2;97;2;2013-10-23
1236;144;30572;JJ019;10;4;2;58;3;2013-10-24
1237;378;30572;JJ019;8;3;3;58;4;2013-10-24
1238;570;30572;JJ019;5;4;3;73;2;2013-10-24
1239;824;30783;LL018;3;1;2;39;2;2013-10-24
1240;849;30783;LL018;10;4;2;39;5;2013-10-24
1241;916;30783;LL018;3;4;3;16;3;2013-10-24
1242;1066;30783;LL018;7;5;2;42;1;2013-10-24
1243;1148;30783;LL018;6;2;3;23;2;2013-10-24
1244;1399;30783;LL018;3;5;2;64;5;2013-10-24
1245;616;30780;LL010;4;3;2;54;5;2013-10-25
1246;679;30783;LL018;1;1;2;18;3;2013-10-25
1247;889;30783;LL106;8;5;2;59;5;2013-10-25
1248;1722;30783;LL018;2;2;4;67;5;2013-10-25
1249;366;30783;LL018;4;5;4;20;4;2013-11-19
1250;585;30783;LL016;5;4;4;31;5;2013-11-19
1251;790;30783;LL016;1;1;2;21;3;2013-11-19
1252;943;30783;LL016;2;2;2;28;1;2013-11-19
1253;1005;30783;LL016;9;2;2;43;5;2013-11-19
1254;1330;30783;LL016;10;2;2;45;2;2013-11-19
1255;71;30783;LL018;3;3;2;43;2;2013-11-22
1256;545;30783;LL022;7;2;2;35;1;2013-11-22
1257;733;30783;LL018;2;3;2;19;5;2013-11-22
1258;242;30783;LL022;6;2;2;21;5;2013-11-23
1259;676;30783;LL016;3;4;2;61;4;2013-11-23
1260;980;30783;LL016;1;5;3;86;4;2013-11-23
1261;1094;30783;LL022;1;2;2;62;5;2013-11-24
1262;1199;30783;LL022;5;3;2;40;3;2013-11-24
1263;1222;30783;LL022;6;3;3;80;4;2013-11-24
1264;1149;30783;KK23;8;3;3;94;2;2013-12-26
1265;579;30778;KK010;3;2;4;53;3;2013-12-27
1266;1553;30809;L 57;3;2;2;43;1;2013-12-27
1267;179;30778;KK010;2;2;2;20;2;2013-12-28
1268;643;30778;KK010;8;3;2;19;2;2013-12-28
1269;1040;30673;KK029;6;5;3;79;2;2013-12-28
1270;1344;30778;KK010;9;4;2;32;4;2013-12-28
1271;1447;30783;KK23;4;2;2;42;4;2013-12-28
1272;602;30783;KK23;2;1;3;30;1;2013-12-29
1273;1044;30676;KK016;6;5;3;66;5;2013-12-29
1274;1526;30809;L 57;2;4;3;19;3;2013-12-29
1275;1613;30777;KK029;7;3;4;40;4;2013-12-29
1276;323;30777;KK029;9;3;2;18;5;2013-12-30
1277;578;30783;KK23;6;2;2;68;2;2013-12-30
1278;589;30777;KK029;4;4;2;39;1;2013-12-30
1279;1054;30783;KK23;5;2;2;31;4;2013-12-30
1280;1312;30783;KK23;6;5;2;53;4;2013-12-30
1281;1381;30676;KK016;8;2;2;23;3;2013-12-31
1282;1224;30783;LL030;8;5;2;14;3;2014-01-07
1283;24;30783;LL030;7;1;2;93;5;2014-01-14
1284;1461;30783;LL030;3;5;2;57;1;2014-01-18
1285;588;30783;LL030;6;3;2;21;3;2014-01-23
1286;1028;30783;LL030;4;2;3;23;2;2014-01-25
1287;256;30783;LL034;2;2;2;27;3;2014-02-04
1288;810;30783;LL034;2;4;2;22;1;2014-02-04
1289;1456;30783;LL034;8;3;2;21;3;2014-02-16
1290;358;30781;KK004;10;1;3;23;3;2014-02-17
1291;896;30783;LL034;8;3;2;19;1;2014-02-17
1292;64;30783;LL034;6;4;2;22;5;2014-02-18
1293;354;30783;LL034;1;1;2;74;1;2014-02-18
1294;1414;30783;LL034;3;2;2;28;5;2014-02-18
1295;1520;30783;LL034;7;5;3;19;5;2014-02-19
1296;409;30783;LL034;10;4;3;18;3;2014-02-20
1297;1305;30781;KK004;9;4;3;45;2;2014-02-20
1298;1472;30781;KK004;10;5;2;32;2;2014-02-20
1299;331;30783;LL034;6;2;2;49;5;2014-02-21
1300;481;30783;LL034;3;3;3;20;3;2014-02-21
1301;606;30783;LL034;10;5;3;17;3;2014-02-21
1302;1558;30783;LL034;5;1;3;44;5;2014-02-21
1303;1573;30783;LL034;6;3;2;18;3;2014-02-21
1304;1022;30783;LL029;9;3;2;21;5;2014-02-22
1305;1339;30781;KK004;7;2;2;25;1;2014-02-22
1306;1375;30783;LL034;1;1;3;46;4;2014-02-22
1307;1497;30783;LL029;10;4;2;19;4;2014-02-22
1308;4;30783;LL034;2;5;3;18;1;2014-02-24
1309;136;30781;KK004;3;4;2;19;1;2014-02-24
1310;1478;30783;LL034;7;5;2;98;3;2014-02-24
1311;191;30783;LL029;5;2;3;41;4;2014-02-25
1312;334;30783;LL034;1;1;2;19;4;2014-02-25
1313;27;30783;LL023;6;1;4;46;3;2014-02-26
1314;9;30783;LL023;6;4;2;93;4;2014-03-02
1315;1580;30780;LL030;8;4;2;39;2;2014-03-08
1316;786;30780;LL030;8;3;2;68;5;2014-03-10
1317;740;30780;LL030;7;3;2;64;1;2014-03-16
1318;1429;30780;LL030;1;3;3;12;2;2014-03-17
1319;1325;30780;LL030;10;1;2;84;3;2014-03-19
1320;1634;30780;LL030;6;5;2;39;5;2014-03-22
1321;1745;30780;LL030;4;1;2;19;2;2014-03-22
1322;1730;30780;LL038;1;2;3;24;1;2014-03-23
1323;914;30780;LL038;3;4;2;53;1;2014-03-24
1324;162;30783;LL031;9;1;2;17;2;2014-03-25
1325;917;30783;LL010;7;5;2;31;3;2014-03-25
1326;1504;30783;LL010;9;3;2;39;3;2014-03-25
1327;1327;31085;LL013;6;2;2;23;4;2014-04-05
1328;1249;31085;LL013;3;5;2;15;3;2014-04-07
1329;359;31085;LL013;5;1;2;30;3;2014-04-21
1330;771;30673;LL005;2;1;2;22;5;2014-04-21
1331;865;31085;LL013;3;4;2;26;1;2014-04-21
1332;39;30673;JJ037;10;3;2;102;5;2014-04-22
1333;40;30763;JJ014;7;5;2;102;5;2014-04-22
1334;1162;31085;LL013;1;2;2;42;4;2014-04-22
1335;1379;31085;LL013;1;2;2;85;5;2014-04-22
1336;1694;30763;JJ014;10;5;2;43;4;2014-04-22
1337;1760;31085;LL013;3;1;2;49;3;2014-04-22
1338;160;30673;LL005;7;3;2;19;5;2014-04-23
1339;768;31085;LL013;4;1;2;37;4;2014-04-23
1340;1069;31085;LL013;2;1;3;48;5;2014-04-23
1341;1549;30673;LL005;1;4;2;33;5;2014-04-23
1342;203;30763;JJ014;8;1;2;17;1;2014-04-24
1343;317;30673;JJ005;8;4;2;18;1;2014-04-24
1344;1134;30673;JJ005;2;4;3;36;2;2014-04-24
1345;1636;30763;JJ014;7;1;2;26;4;2014-04-24
1346;1;30673;LL005;7;1;2;20;5;2014-04-25
1347;131;31091;LL028;4;2;3;19;2;2014-04-25
1348;156;31091;LL028;1;3;2;20;3;2014-04-25
1349;1141;30673;LL005;2;1;3;70;5;2014-04-25
1350;1389;30673;JJ037;1;4;3;30;4;2014-04-25
1351;1540;30673;JJ037;4;4;2;62;3;2014-04-25
1352;294;31095;LL034;10;1;3;56;3;2014-05-30
1353;1326;31095;LL034;9;3;3;58;2;2014-06-02
1354;729;31095;LL034;10;3;2;22;4;2014-06-10
1355;324;31093;KK006;7;2;2;18;1;2014-06-11
1356;361;31093;KK006;1;5;2;32;1;2014-06-12
1357;1273;31085;KK005;4;1;2;51;3;2014-06-16
1358;546;31085;KK005;4;5;2;25;2;2014-06-17
1359;699;31085;KK005;2;3;2;70;4;2014-06-17
1360;1380;31095;LL034;4;4;2;20;1;2014-06-17
1361;1462;31085;KK005;9;5;2;71;1;2014-06-17
1362;1763;31093;KK006;8;3;2;19;4;2014-06-17
1363;211;31085;KK005;2;4;3;24;2;2014-06-18
1364;763;31095;LL034;10;5;2;20;3;2014-06-18
1365;360;31085;KK005;8;1;2;48;5;2014-06-19
1366;505;31093;KK006;2;4;3;78;4;2014-06-19
1367;181;31085;KK005;8;2;3;40;5;2014-06-20
1368;375;31093;KK006;8;1;3;42;3;2014-06-20
1369;868;31093;KK006;9;5;4;52;3;2014-06-20
1370;1413;31085;KK005;2;1;3;19;5;2014-06-20
1371;46;31093;KK006;4;3;3;33;4;2014-06-21
1372;81;30778;LL014;9;4;2;99;2;2014-06-23
1373;413;31085;KK005;7;1;3;21;3;2014-06-23
1374;1084;31093;KK006;9;5;4;21;4;2014-06-23
1375;1668;31093;KK006;8;4;2;105;2;2014-06-23
1376;120;30778;LL014;9;5;3;42;5;2014-06-24
1377;244;31085;KK005;7;1;4;39;4;2014-06-24
1378;301;31085;KK005;10;5;3;43;4;2014-06-24
1379;327;30778;LL014;8;5;2;74;1;2014-06-24
1380;561;31093;KK010;3;5;2;35;4;2014-06-24
1381;618;30778;LL014;7;2;2;29;5;2014-06-24
1382;1156;31093;KK010;5;4;2;27;3;2014-06-24
1383;1667;31093;KK010;10;2;3;38;2;2014-06-24
1384;41;30778;LL014;6;5;2;102;4;2014-06-25
1385;100;31093;KK006;9;5;2;22;2;2014-06-25
1386;345;31093;KK010;1;4;2;27;4;2014-06-25
1387;376;31093;KK006;4;2;2;24;1;2014-06-25
1388;426;30778;LL014;3;4;3;37;5;2014-06-25
1389;632;31093;KK006;6;2;2;101;2;2014-06-25
1390;668;31093;KK006;1;4;2;24;2;2014-06-25
1391;821;30778;LL014;1;3;3;116;3;2014-06-25
1392;1294;30778;LL014;9;5;3;26;1;2014-06-25
1393;1370;30778;LL014;1;3;3;116;3;2014-06-25
1394;116;31095;LL006;6;3;2;20;4;2014-06-27
1395;1494;31095;LL006;10;5;2;70;3;2014-06-28
1396;685;31093;KK010;7;1;2;70;5;2014-06-29
1397;1784;31095;LL006;6;5;2;97;1;2014-06-29
1398;543;31093;KK010;5;3;2;67;1;2014-06-30
1399;34;31095;LL006;9;1;2;67;3;2014-07-01
1400;1433;31093;KK010;6;5;2;74;2;2014-07-04
1401;1464;310105;LL008;8;4;2;21;5;2014-07-05
1402;766;31093;KK010;3;5;2;41;4;2014-07-08
1403;1728;31093;KK010;8;4;2;39;2;2014-07-10
1404;1394;31093;KK010;10;5;2;19;4;2014-07-12
1405;1559;31093;KK010;3;1;2;39;3;2014-07-12
1406;776;31093;KK010;5;2;2;22;3;2014-07-13
1407;1465;31093;KK010;5;5;2;34;5;2014-07-14
1408;232;310105;LL008;9;2;3;69;4;2014-07-17
1409;13;31093;KK010;4;2;2;19;4;2014-07-18
1410;976;31091;LL028;9;5;2;11;4;2014-07-18
1411;14;31093;KK010;10;1;2;19;3;2014-07-19
1412;458;31091;LL028;3;2;2;26;2;2014-07-19
1413;887;31093;KK010;8;1;4;38;2;2014-07-20
1414;1114;31094;LL037;2;4;2;68;5;2014-07-20
1415;395;31093;KK010;1;4;4;18;3;2014-07-21
1416;609;31094;LL037;9;1;2;75;2;2014-07-21
1417;930;31094;LL037;1;5;2;23;2;2014-07-21
1418;1596;31094;LL037;4;5;4;34;3;2014-07-21
1419;1633;31094;LL037;5;2;2;37;4;2014-07-21
1420;115;31093;KK010;8;1;2;20;1;2014-07-22
1421;973;31094;LL037;10;5;2;17;3;2014-07-22
1422;1466;31094;LL037;3;1;2;22;3;2014-07-22
1423;408;31094;LL037;2;1;2;30;5;2014-07-23
1424;477;31093;KK010;7;4;2;20;2;2014-07-23
1425;626;31093;KK006;6;5;2;50;5;2014-07-23
1426;822;31094;LL037;7;5;3;52;1;2014-07-23
1427;905;31094;LL037;8;4;2;35;5;2014-07-23
1428;289;31094;LL037;2;5;2;39;4;2014-07-24
1429;1583;31093;KK010;4;4;2;70;2;2014-07-24
1430;82;310105;LL008;8;1;2;99;2;2014-07-25
1431;1335;31094;LL037;9;3;2;51;2;2014-07-25
1432;393;31093;KK010;5;1;3;59;2;2014-07-31
1433;19;31086;LL023;4;3;3;31;5;2014-08-06
1434;49;31086;LL023;1;2;2;85;2;2014-08-10
1435;20;31086;LL023;3;3;3;31;2;2014-08-15
1436;964;31098;LL009;6;3;2;38;3;2014-08-17
1437;466;31091;LL046;6;3;2;62;3;2014-08-20
1438;83;310105;LL008;10;3;2;99;5;2014-08-21
1439;341;31091;LL046;9;2;3;41;4;2014-08-21
1440;150;31098;LL009;3;1;3;19;2;2014-08-22
1441;1392;31098;LL009;6;1;3;30;3;2014-08-23
1442;1448;31098;LL009;1;2;2;40;2;2014-08-23
1443;58;31098;LL009;8;3;2;22;5;2014-08-24
1444;1140;31098;LL009;4;3;2;70;5;2014-08-24
1445;356;31091;LL046;7;5;2;88;3;2014-08-25
1446;1165;310105;LL008;8;5;2;72;1;2014-08-25
1447;1689;31091;LL046;8;2;3;113;1;2014-08-25
1448;308;31095;LL028;1;5;3;91;4;2014-09-10
1449;2;30091;LL028;7;5;2;70;3;2014-09-15
1450;949;30091;LL028;5;5;2;21;2;2014-09-17
1451;678;30091;LL028;5;5;2;18;4;2014-09-19
1452;112;30091;LL028;1;2;2;26;4;2014-09-20
1453;447;30698;AI031;9;5;2;43;3;2014-09-20
1454;813;30091;LL028;10;1;2;74;3;2014-09-21
1455;977;30698;AI003;10;3;2;44;2;2014-09-21
1456;101;30698;AI003;7;3;2;51;3;2014-09-22
1457;149;30698;AI003;10;1;2;20;2;2014-09-23
1458;373;30698;AI003;1;4;2;18;5;2014-09-23
1459;659;31095;LL026;2;1;2;24;3;2014-09-23
1460;61;30698;AI003;10;3;2;12;2;2014-09-24
1461;953;30698;AI003;7;1;4;33;3;2014-09-24
1462;959;30698;AI003;7;2;4;28;2;2014-09-24
1463;1076;30698;AI003;1;3;2;17;4;2014-09-24
1464;1378;30698;AI003;10;5;3;40;2;2014-09-24
1465;329;30091;LL028;10;1;2;46;3;2014-09-25
1466;340;30698;AI003;2;5;2;51;5;2014-09-25
1467;952;30698;AI003;1;2;2;84;4;2014-09-25
1468;991;30091;LL028;9;5;2;40;5;2014-09-25
1469;672;308103;AL014;1;2;3;35;1;2014-10-12
1470;357;31091;LL028;6;1;2;34;5;2014-10-13
1471;950;308103;AL014;1;1;2;17;2;2014-10-13
1472;72;30698;AI031;4;4;2;43;2;2014-10-16
1473;979;30698;AI101;7;1;3;45;4;2014-10-17
1474;21;308103;AL014;9;2;3;76;3;2014-10-20
1475;62;308103;AL014;4;5;2;12;1;2014-10-20
1476;309;30698;AI101;1;5;4;40;4;2014-10-20
1477;644;308103;AL014;9;1;2;44;3;2014-10-20
1478;1658;308103;AL014;8;2;3;43;3;2014-10-20
1479;7;308103;AK226;7;2;2;33;5;2014-10-21
1480;85;308103;AL014;8;2;3;25;5;2014-10-21
1481;1045;308103;AK225;5;1;2;87;2;2014-10-21
1482;1748;308103;AK225;7;2;2;91;4;2014-10-22
1483;243;308103;AL014;4;5;3;14;3;2014-10-23
1484;1052;308103;AL014;3;1;2;86;5;2014-10-23
1485;1288;308103;AL014;2;3;2;20;3;2014-10-23
1486;1333;308103;AL014;1;4;3;52;2;2014-10-23
1487;1359;308103;AL014;4;4;3;35;4;2014-10-23
1488;486;308103;AL014;10;5;2;21;5;2014-10-24
1489;1365;308103;AL014;5;2;2;83;5;2014-10-24
1490;1106;308103;AK226;4;1;2;23;1;2014-10-25
1491;1234;308103;AL014;4;4;3;53;3;2014-10-25
1492;1240;308103;AL014;1;5;2;17;5;2014-10-25
1493;1535;308103;AL014;1;2;2;54;3;2014-10-29
1494;1231;30698;AH217;10;2;2;44;4;2014-11-04
1495;124;30698;AH217;8;1;2;58;3;2014-11-13
1496;15;308103;AK226;7;5;2;19;1;2014-11-15
1497;1295;30698;AH217;1;1;2;29;5;2014-11-17
1498;1283;308103;AK256;1;1;2;62;3;2014-11-19
1499;102;30698;AH86;9;4;3;64;4;2014-11-20
1500;1229;308103;AK256;7;3;3;38;1;2014-11-21
1501;1282;308103;AK256;10;4;2;35;1;2014-11-21
1502;982;308103;AK256;2;3;2;19;5;2014-11-22
1503;1117;308103;AK256;7;5;3;19;3;2014-11-22
1504;1274;308103;AK256;6;3;2;37;4;2014-11-22
1505;1432;308103;AK256;7;3;2;87;2;2014-11-22
1506;832;30698;AH86;7;2;2;20;3;2014-11-23
1507;850;30698;AH86;9;2;2;39;3;2014-11-23
1508;3;308103;AK238;9;2;2;31;1;2014-11-24
1509;969;30698;AH86;2;4;3;47;3;2014-11-24
1510;107;308103;AK238;2;4;2;49;2;2014-11-25
1511;638;30698;AH217;10;3;3;64;1;2014-11-25
1512;1115;30698;AH086;3;1;2;68;5;2014-11-25
1513;1470;30698;AH217;3;5;2;66;3;2014-11-25
1514;1605;30698;AH86;3;4;2;21;2;2014-11-25
1515;63;30698;AI066;10;1;2;79;1;2014-12-10
1516;1789;308103;AL48;8;2;2;92;3;2014-12-13
1517;135;31095;LL026;6;1;2;43;3;2014-12-22
1518;497;31095;LL026;3;4;2;43;1;2014-12-22
1519;551;31095;LL026;9;2;2;37;2;2014-12-22
1520;743;31095;LL026;6;5;2;86;3;2014-12-22
1521;310;31095;LL026;6;2;2;58;4;2014-12-24
1522;1304;31095;KK018;5;4;2;44;3;2014-12-24
1523;1443;31095;KK018;8;5;2;96;3;2014-12-24
1524;89;30698;AI066;4;3;2;17;5;2014-12-25
1525;166;31095;LL026;2;1;3;49;4;2014-12-25
1526;1405;31095;KK018;3;2;2;16;4;2014-12-25
1527;347;30783;LL026;10;4;2;20;4;2014-12-26
1528;47;30157;JJ012;8;4;3;21;3;2014-12-27
1529;114;30157;JJ012;8;4;2;20;4;2014-12-27
1530;189;30783;LL026;3;1;2;66;4;2014-12-27
1531;1467;30783;LL026;4;2;4;80;1;2014-12-27
1532;1206;30780;KK025;2;1;2;38;4;2014-12-28
1533;1332;30783;LL026;3;2;3;30;3;2014-12-28
1534;1383;30783;LL026;10;1;2;36;2;2014-12-28
1535;76;30783;LL030;9;4;2;31;3;2014-12-29
1536;264;30157;JJ012;1;1;2;36;2;2014-12-29
1537;1739;30783;JJ006;3;4;2;83;2;2014-12-29
1538;18;30157;JJ012;4;4;3;31;5;2014-12-30
1539;66;30783;LL030;3;4;2;38;4;2014-12-30
1540;362;30157;JJ012;6;5;2;86;1;2014-12-30
1541;386;30783;LL026;4;1;2;33;3;2014-12-30
1542;397;30157;JJ012;8;2;2;16;4;2014-12-30
1543;556;30783;LL006;6;5;3;82;1;2014-12-30
1544;780;30783;LL026;2;2;2;36;2;2014-12-30
1545;942;30783;LL026;1;1;2;40;4;2014-12-30
1546;981;30783;LL026;2;5;2;77;2;2014-12-30
1547;1064;30157;JJ012;6;4;2;26;3;2014-12-30
1548;1208;30783;LL026;5;2;2;14;1;2014-12-30
1549;1440;30783;LL030;3;5;3;22;5;2014-12-30
1550;1656;30157;JJ012;6;2;2;26;2;2014-12-30
1551;468;30783;LL026;9;1;2;21;1;2014-12-31
1552;628;30783;LL026;1;4;2;19;4;2014-12-31
1553;675;30780;KK025;6;5;3;61;5;2014-12-31
1554;684;30157;JJ012;3;4;2;70;3;2014-12-31
1555;1410;30157;JJ012;2;4;2;52;2;2014-12-31
1556;1536;30783;LL026;1;2;2;80;3;2014-12-31
1557;1550;30783;LL026;2;5;2;22;4;2014-12-31
1558;1590;30157;JJ012;4;1;2;32;4;2014-12-31
1559;91;31095;MM311;5;4;2;29;3;2015-01-08
1560;634;31095;LL005;10;5;2;2;4;2015-01-13
1561;498;31095;AL26;7;4;2;71;1;2015-01-15
1562;1120;31084;LL018;1;1;2;14;5;2015-01-16
1563;760;31084;LL018;2;4;2;20;3;2015-01-22
1564;1225;31084;LL018;5;1;2;14;2;2015-01-22
1565;1664;31084;LL018;8;5;2;40;4;2015-01-23
1566;842;31084;LL018;5;3;2;16;2;2015-01-24
1567;1336;31095;MM311;5;4;2;21;4;2015-01-24
1568;418;31095;MM311;1;4;2;21;5;2015-01-25
1569;118;31093;LL018;5;4;2;20;4;2015-01-27
1570;613;31093;LL018;6;4;2;17;5;2015-01-27
1571;1245;31084;MM311;1;5;2;36;4;2015-01-30
1572;1785;31093;LL018;4;4;2;20;3;2015-02-04
1573;16;31084;LL018;7;2;2;19;4;2015-02-13
1574;629;31095;MM311;8;2;2;19;4;2015-02-13
1575;1172;31084;LL018;1;4;2;17;2;2015-02-16
1576;417;30698;AI212;5;4;2;21;1;2015-02-19
1577;489;30698;AI200;9;2;2;22;2;2015-02-19
1578;1132;30698;AI192;2;2;3;42;3;2015-02-21
1579;326;30698;AI229;6;1;3;10;3;2015-02-23
1580;547;30698;AI192;8;4;2;37;5;2015-02-23
1581;712;30698;AI212;10;3;3;24;3;2015-02-23
1582;1171;30698;AI229;5;5;2;14;5;2015-02-23
1583;1174;30698;AI229;1;5;2;58;5;2015-02-23
1584;1463;30698;AI192;10;2;3;23;4;2015-02-23
1585;423;30698;AI212;4;3;2;26;3;2015-02-24
1586;1201;30698;AI192;8;5;3;24;2;2015-02-24
1587;117;30698;AI229;5;2;2;20;3;2015-02-25
1588;169;30698;AJ04;5;3;2;35;3;2015-02-25
1589;691;30698;AI192;1;4;2;41;5;2015-02-25
1590;746;30780;LL005;8;1;2;28;3;2015-03-14
1591;604;30780;LL005;5;2;2;61;4;2015-03-20
1592;1562;30780;LL005;7;2;2;88;4;2015-03-21
1593;1541;30780;LL005;6;4;2;66;2;2015-03-22
1594;1662;30780;LL005;3;2;2;54;3;2015-03-22
1595;17;30780;LL005;2;2;2;19;1;2015-03-23
1596;444;30698;AI229;5;3;2;28;5;2015-03-23
1597;504;30698;AI229;1;2;2;31;5;2015-03-23
1598;1236;31091;LL022;10;1;2;49;2;2015-03-23
1599;92;30698;AI229;8;3;2;59;4;2015-03-24
1600;1139;30698;AI229;7;1;2;69;5;2015-03-24
1601;1586;31091;LL022;2;3;2;38;4;2015-03-24
1602;10;30780;LL015;10;3;2;169;3;2015-03-26
1603;1400;30780;LL015;10;2;2;62;1;2015-03-27
1604;1050;308103;AM137;4;5;2;38;2;2015-04-05
1605;1155;308103;AM135;8;3;2;42;5;2015-04-14
1606;1611;308103;AM135;3;4;3;29;1;2015-04-15
1607;272;308103;AM160;7;3;2;22;5;2015-04-17
1608;764;30780;LL021;1;2;2;20;5;2015-04-17
1609;788;30780;LL021;6;2;2;52;2;2015-04-17
1610;1163;30780;LL021;7;3;2;42;5;2015-04-18
1611;1015;308103;AM160;9;4;2;28;2;2015-04-21
1612;282;30780;LL005;8;3;2;27;2;2015-04-22
1613;582;30780;LL005;1;3;3;49;4;2015-04-22
1614;597;308103;AM160;10;1;2;22;1;2015-04-22
1615;641;308103;AM044;9;2;3;29;3;2015-04-22
1616;1103;308103;AM044;2;2;3;25;4;2015-04-22
1617;781;30780;LL021;5;4;2;36;3;2015-04-24
1618;1486;30780;LL021;6;3;2;28;1;2015-04-24
1619;1507;30780;LL021;7;4;3;20;2;2015-04-24
1620;1570;308103;AM044;2;5;3;67;3;2015-04-24
1621;419;30780;LL021;1;1;2;21;3;2015-04-25
1622;1450;308103;AM044;1;3;3;111;3;2015-04-25
1623;1615;308103;AM157;5;5;2;71;4;2015-04-25
1624;50;308103;AM024;7;5;2;32;1;2015-05-18
1625;51;308103;AM024;3;1;2;32;1;2015-05-20
1626;52;308103;AM024;3;5;2;32;2;2015-05-25
1627;53;30698;AJ090;10;5;2;32;1;2015-05-27
1628;1436;307100;AL125;5;2;2;39;5;2015-05-30
1629;518;307100;AL125;4;4;2;43;3;2015-06-03
1630;1281;30698;AJ090;1;4;2;34;2;2015-06-03
1631;567;30698;AJ090;6;2;2;30;1;2015-06-12
1632;1554;30698;AJ090;8;2;2;132;1;2015-06-15
1633;170;30698;AJ090;7;5;2;35;1;2015-06-16
1634;1211;307100;AL155;8;4;2;53;2;2015-06-16
1635;1581;30698;AJ090;3;2;2;39;3;2015-06-17
1636;121;30698;AJ090;9;4;2;62;2;2015-06-18
1637;1354;30698;AJ090;9;2;2;31;2;2015-06-18
1638;1411;30698;AJ090;1;4;2;37;3;2015-06-19
1639;1416;30698;AJ090;2;3;2;54;4;2015-06-19
1640;1777;30698;AJ090;10;2;2;28;1;2015-06-19
1641;761;30698;AJ090;8;5;2;17;5;2015-06-21
1642;1743;30698;AJ090;5;2;2;87;2;2015-06-21
1643;35;31110;M.17;2;5;2;67;3;2015-06-22
1644;538;30698;AJ090;8;4;2;69;4;2015-06-22
1645;1170;30698;AJ090;8;4;2;169;1;2015-06-22
1646;1621;30698;AJ090;10;5;2;108;5;2015-06-22
1647;1758;30698;AJ090;10;2;2;100;3;2015-06-22
1648;279;31110;M18;3;2;3;59;5;2015-06-23
1649;1058;31110;M.17;9;4;2;95;4;2015-06-23
1650;1167;31110;M.17;1;5;2;169;4;2015-06-23
1651;478;31110;M.18;3;4;2;170;3;2015-06-24
1652;749;31110;M18;2;1;2;169;1;2015-06-24
1653;1047;31110;M18;6;5;2;30;4;2015-06-24
1654;1475;31110;M18;3;3;4;138;1;2015-06-24
1655;1488;31110;M.17;6;2;4;39;2;2015-06-24
1656;1490;31110;M.17;8;1;3;79;3;2015-06-24
1657;86;31110;M.17;5;4;2;50;4;2015-06-25
1658;171;31110;M18;4;4;2;170;4;2015-06-25
1659;593;31110;M.18;3;3;2;35;3;2015-06-25
1660;730;30698;AJ215;5;4;2;30;1;2015-06-25
1661;817;30698;AJ159;10;3;2;139;4;2015-06-25
1662;921;31110;M.17;4;4;2;100;5;2015-06-25
1663;1778;31110;M.17;3;5;2;177;2;2015-07-02
1664;564;31110;M.17;6;5;2;68;5;2015-07-07
1665;1323;30698;AJ.187;10;1;2;151;2;2015-07-07
1666;1437;30698;AJ.187;6;5;2;39;1;2015-07-07
1667;948;30698;AJ.187;3;2;2;20;2;2015-07-08
1668;145;30698;AJ.132;2;1;2;24;4;2015-07-09
1669;1584;31110;M.17;8;2;2;66;3;2015-07-10
1670;681;30698;AJ.187;2;1;3;187;1;2015-07-12
1671;128;30698;AJ.132;8;1;2;24;2;2015-07-13
1672;1289;30698;AJ.132;7;2;2;28;3;2015-07-13
1673;153;30698;AJ.132;9;1;3;130;1;2015-07-14
1674;212;30698;AJ.132;9;4;2;56;5;2015-07-14
1675;313;30698;AJ.154;6;1;2;160;4;2015-07-14
1676;463;30698;AJ.132;6;5;3;50;4;2015-07-14
1677;654;30698;AJ.164;1;5;3;45;4;2015-07-14
1678;1270;30698;AJ.154;3;4;2;54;3;2015-07-14
1679;726;30698;AJ.132;4;1;3;22;5;2015-07-15
1680;811;30698;AJ.187;1;5;2;22;1;2015-07-15
1681;1591;30698;AJ.154;8;5;2;193;4;2015-07-16
1682;845;30698;AJ.132;10;1;2;22;5;2015-07-18
1683;1246;30698;AJ.132;7;1;2;29;5;2015-07-18
1684;236;30698;AJ.132;3;4;2;193;1;2015-07-19
1685;467;307100;AM.024;10;4;4;23;1;2015-07-20
1686;1736;30698;AJ 132;2;1;4;67;1;2015-07-21
1687;111;30698;AJ 132;1;5;2;7;1;2015-07-22
1688;235;307100;AM.024;2;2;3;196;3;2015-07-22
1689;807;30698;AJ 132;4;2;2;196;1;2015-07-22
1690;637;307100;AM.024;6;5;3;29;4;2015-07-24
1691;966;30698;AJ 132;3;2;2;34;1;2015-07-24
1692;44;30698;AJ 132;1;3;4;48;5;2015-07-25
1693;60;30698;AJ 132;10;2;2;200;5;2015-07-25
1694;571;30698;AJ.137;9;2;2;26;5;2015-07-25
1695;787;30698;AJ 132;1;3;3;35;5;2015-07-25
1696;1107;30698;AJ 132;5;2;3;67;5;2015-07-25
1697;1219;30698;AJ 132;8;3;2;26;2;2015-07-25
1698;1422;30698;AJ 132;9;4;3;41;3;2015-07-25
1699;1485;30698;AJ.132;6;5;3;26;1;2015-07-25
1700;1514;30698;AJ 132;4;2;2;199;3;2015-07-25
1701;1547;30698;AJ 132;1;5;3;168;1;2015-07-25
1702;43;307100;AM.093;1;3;2;102;5;2015-07-26
1703;1412;30698;AJ.154;2;3;2;37;3;2015-07-26
1704;42;307100;AM.093;2;1;2;102;3;2015-07-29
1705;967;30698;AJ.154;8;5;2;39;3;2015-07-29
1706;1145;307100;AM.093;5;1;2;24;5;2015-07-30
1707;886;307100;AM.024;1;3;2;40;1;2015-07-31
1708;226;307100;AM.024;5;3;2;41;4;2015-08-01
1709;1183;307100;AM.024;6;5;2;108;5;2015-08-01
1710;599;307100;AM.093;3;3;2;51;1;2015-08-03
1711;779;307100;AM.093;7;4;2;68;5;2015-08-03
1712;1260;307100;AM.024;7;5;2;31;1;2015-08-03
1713;1616;307100;AM.093;10;1;2;47;5;2015-08-03
1714;745;307100;AM.023;2;2;2;43;1;2015-08-04
1715;1000;307100;AM.093;8;5;2;38;4;2015-08-04
1716;1431;307100;AM.093;10;5;2;76;4;2015-08-04
1717;87;307100;AM.024;6;4;2;50;5;2015-08-05
1718;1203;307100;AM.006;8;5;2;20;4;2015-08-05
1719;84;307100;AM.023;3;1;2;99;3;2015-08-06
1720;1387;307100;AM.006;5;3;2;8;3;2015-08-06
1721;352;307100;AM.006;1;1;3;62;3;2015-08-08
1722;846;307100;AM.021;7;4;2;22;1;2015-08-08
1723;1003;307100;AM.006;8;4;2;73;3;2015-08-08
1724;1223;307100;AM.093;8;5;3;80;1;2015-08-10
1725;1142;307100;AM.006;4;2;2;11;4;2015-08-11
1726;1313;307100;AM.006;3;5;2;185;2;2015-08-11
1727;1366;307100;AM.006;5;3;2;21;4;2015-08-13
1728;80;307100;AM.023;5;2;2;19;5;2015-08-14
1729;1011;307100;AM.015;3;4;2;47;5;2015-08-14
1730;1035;307100;AM.015;6;4;2;190;2;2015-08-16
1731;38;307100;AM.093;5;5;2;82;4;2015-08-17
1732;1090;307100;AM.015;3;1;2;33;3;2015-08-17
1733;895;307100;AM.024;3;3;2;59;5;2015-08-18
1734;88;307100;AM.024;4;2;2;50;4;2015-08-19
1735;106;307100;AM.093;6;1;3;92;1;2015-08-19
1736;548;307100;AM.024;2;3;2;21;3;2015-08-19
1737;1209;307100;AM.015;7;5;2;14;3;2015-08-19
1738;702;307100;AM.093;10;5;2;135;5;2015-08-20
1739;755;307100;AM.015;10;2;2;92;5;2015-08-20
1740;814;307100;AM.093;4;5;2;31;2;2015-08-20
1741;69;307100;AM.093;9;2;2;19;3;2015-08-21
1742;414;307100;AM.093;8;5;2;166;1;2015-08-21
1743;433;307100;AM.015;1;5;2;227;3;2015-08-21
1744;762;307100;AM.015;7;3;3;225;3;2015-08-21
1745;864;307100;AM.093;4;3;2;29;2;2015-08-21
1746;245;307100;AM.010;6;4;4;106;5;2015-08-22
1747;796;307100;AM.015;10;1;2;31;4;2015-08-22
1748;1121;307100;AM.015;8;3;2;28;2;2015-08-22
1749;1146;307100;AM.010;9;5;2;24;1;2015-08-22
1750;1328;307100;AM.010;2;3;2;23;4;2015-08-22
1751;1731;307100;AM.093;10;1;3;24;2;2015-08-22
1752;1768;307100;AM.015;9;4;2;30;5;2015-08-23
1753;583;307100;AM.017;1;2;2;139;3;2015-08-24
1754;1099;307100;AM.015;7;3;2;55;3;2015-08-24
1755;1184;307100;AM.024;6;3;2;108;5;2015-08-24
1756;93;307100;AM.023;6;4;3;36;4;2015-08-25
1757;425;307100;AM.093;7;1;3;109;4;2015-08-25
1758;757;307100;AM.015;8;4;2;87;4;2015-08-25
1759;1020;307100;AM.023;4;5;3;27;4;2015-08-25
1760;1105;307100;AM.023;3;2;3;170;5;2015-08-25
1761;1653;307100;AM.023;5;4;4;64;3;2015-08-25
1762;36;307100;AM.051;10;1;2;67;1;2015-09-02
1763;129;307100;AM.051;7;2;2;24;4;2015-09-02
1764;1095;30698;AI 226;5;5;2;197;1;2015-09-03
1765;104;30698;AJ160;4;5;2;39;4;2015-09-08
1766;1669;31110;N.20;6;2;2;105;5;2015-09-10
1767;316;31110;N.17;3;5;4;47;5;2015-09-14
1768;350;31110;N.17;8;1;2;18;4;2015-09-15
1769;1290;31110;N.23;9;4;4;70;5;2015-09-16
1770;94;31110;N.20;8;2;3;36;5;2015-09-17
1771;113;31110;N.18;1;3;2;26;1;2015-09-17
1772;650;31110;N.23;10;3;4;21;1;2015-09-17
1773;1137;31110;N.23;9;2;2;30;5;2015-09-17
1774;1369;31110;N.23;2;4;2;61;3;2015-09-18
1775;95;31110;N.18;5;2;3;21;3;2015-09-19
1776;1009;31110;N.23;2;4;2;22;4;2015-09-19
1777;1408;31110;N.18;9;5;2;42;3;2015-09-19
1778;1038;31110;N.23;10;2;3;254;5;2015-09-20
1779;177;31110;N.23;2;3;2;34;4;2015-09-21
1780;625;31093;LL042;1;1;2;37;4;2015-09-21
1781;1085;31110;N.23;7;2;2;31;5;2015-09-21
1782;59;31110;N.18;3;1;2;257;1;2015-09-22
1783;105;31093;LL042;7;3;2;75;1;2015-09-22
1784;540;31110;N.17;5;5;3;225;2;2015-09-22
1785;1018;31110;N.17;4;4;3;45;2;2015-09-22
1786;1480;31093;LL042;3;5;4;256;5;2015-09-22
1787;1773;31093;LL042;7;4;2;27;1;2015-09-22
1788;103;31093;LL042;3;2;2;39;1;2015-09-23
1789;214;31110;N.23;4;3;2;29;5;2015-09-23
1790;705;31110;N.23;4;4;3;15;1;2015-09-23
1791;815;31110;N.18;1;3;3;106;3;2015-09-23
1792;1364;31110;N.17;9;5;2;226;2;2015-09-23
1793;506;31110;N.18;10;3;2;56;3;2015-09-24
1794;526;31110;N.23;7;2;2;199;3;2015-09-24
1795;622;31093;LL042;3;2;2;168;1;2015-09-24
1796;11;31110;N.20;5;2;2;169;4;2015-09-25
1797;364;31110;N.20;4;3;3;25;3;2015-09-25
1798;399;31110;N.17;8;4;2;58;1;2015-09-25
1799;499;31110;N.17;7;3;2;71;2;2015-09-25
1800;1067;31110;N.20;4;4;2;140;4;2015-09-25
1801;1386;31110;N.17;1;3;2;34;4;2015-09-25
1802;1542;31110;N.18;9;4;2;57;4;2015-09-25
1803;1592;30698;AI 226;1;5;3;21;1;2015-12-03
