id;inseminasi_id;sem_code;batch;ib_hasil;tgl_pkb
1;1;30569;HH 56;1;2010-07-23
2;2;30569;HH 56;1;2010-07-25
3;3;30569;HH 56;1;2010-07-26
4;4;30569;HH 56;1;2010-07-26
5;5;30569;HH 56;1;2010-07-26
6;6;30569;HH 56;1;2010-07-26
7;7;30154;D 005;1;2010-08-25
8;8;30154;D 005;1;2010-08-25
9;9;30152;HH032;1;2010-11-26
10;10;30152;HH032;0;2010-11-26
11;11;30152;HH032;0;2010-11-26
12;12;30676;H018;1;2010-11-27
13;13;30153;H020;1;2010-11-28
14;14;30153;H020;1;2010-11-28
15;15;30152;HH032;1;2010-11-28
16;16;30153;H020;1;2010-11-28
17;17;30153;H020;1;2010-11-28
18;18;30153;H20;1;2010-11-28
19;19;30152;HH032;0;2010-11-29
20;20;30152;H032;1;2010-11-29
21;21;30676;H018;1;2010-11-29
22;22;30152;H032;1;2010-11-29
23;23;30676;H018;1;2010-11-29
24;24;30152;HH032;1;2010-11-30
25;25;30676;H018;1;2010-11-30
26;26;30676;H018;1;2010-11-30
27;27;30153;H20;1;2010-11-30
28;28;30152;HH032;1;2010-11-30
29;29;30153;H20;1;2010-11-30
30;30;30152;HH032;1;2010-11-30
31;31;30153;H20;1;2010-11-30
32;32;30152;HH032;1;2010-12-01
33;33;30153;H20;1;2010-12-02
34;34;30152;HH032;1;2010-12-03
35;35;30152;HH032;1;2010-12-03
36;36;30780;H023;1;2010-12-03
37;37;30152;HH032;1;2010-12-04
38;38;30780;H023;1;2010-12-04
39;39;30153;H20;1;2010-12-05
40;40;30152;HH032;1;2010-12-05
41;41;30152;HH032;1;2010-12-06
42;42;30153;H20;1;2010-12-06
43;43;30152;HH032;1;2010-12-06
44;44;30780;H023;1;2010-12-07
45;45;30152;HH032;1;2010-12-07
46;46;30780;H023;1;2010-12-07
47;47;30780;H023;1;2010-12-07
48;48;30780;H023;1;2010-12-07
49;49;30152;HH032;1;2010-12-07
50;50;30152;HH032;1;2010-12-08
51;51;30152;HH032;1;2010-12-08
52;52;30707;J50;1;2010-12-08
53;53;30707;J50;1;2010-12-08
54;54;30152;HH032;1;2010-12-09
55;55;30152;HH032;1;2010-12-10
56;56;30152;HH032;1;2010-12-10
57;57;30157;H020;1;2010-12-11
58;58;30157;H020;1;2010-12-11
59;59;30152;HH032;1;2010-12-12
60;60;30157;H020;1;2010-12-12
61;61;30157;II021;0;2010-12-13
62;62;30157;II021;1;2010-12-13
63;63;30157;II021;1;2010-12-13
64;64;30707;J40;0;2010-12-13
65;65;30707;J40;1;2010-12-14
66;66;30157;II021;1;2010-12-14
67;67;30707;J41;1;2010-12-15
68;68;30157;II021;1;2010-12-15
69;69;30157;H020;1;2010-12-15
70;70;30157;H020;1;2010-12-15
71;71;30157;H020;1;2010-12-15
72;72;30157;H020;1;2010-12-16
73;73;30157;II021;1;2010-12-16
74;74;30157;H020;1;2010-12-16
75;75;30707;J40;1;2010-12-17
76;76;30157;H021;1;2010-12-17
77;77;30157;II021;1;2010-12-18
78;78;30157;H021;1;2010-12-18
79;79;30780;H023;1;2010-12-18
80;80;30157;H021;1;2010-12-18
81;81;30707;J40;1;2010-12-18
82;82;30707;J40;1;2010-12-18
83;83;30157;H021;1;2010-12-19
84;84;30707;J40;1;2010-12-20
85;85;30707;J40;1;2010-12-20
86;86;30707;J41;1;2010-12-20
87;87;30157;II021;1;2010-12-20
88;88;30157;II021;1;2010-12-20
89;89;30157;II021;1;2010-12-20
90;90;30157;II021;1;2010-12-21
91;91;30157;II021;0;2010-12-21
92;92;30157;II021;1;2010-12-21
93;93;30778;H012;1;2010-12-21
94;94;30157;II021;1;2010-12-21
95;95;30157;II021;1;2010-12-21
96;96;30778;H012;1;2010-12-21
97;97;30707;J40;1;2010-12-21
98;98;30707;J40;1;2010-12-22
99;99;30778;H012;1;2010-12-22
100;100;30157;II021;1;2010-12-22
101;101;30778;H012;1;2010-12-22
102;102;30707;J40;1;2010-12-22
103;103;30707;J40;1;2010-12-22
104;104;30778;H012;1;2010-12-23
105;105;30778;H012;1;2010-12-23
106;106;30778;H012;1;2010-12-23
107;107;30157;II021;1;2010-12-23
108;108;30157;II021;1;2010-12-24
109;109;30778;H012;1;2010-12-24
110;110;30707;J40;1;2010-12-24
111;111;30778;H012;1;2010-12-25
112;112;30778;H012;1;2010-12-25
113;113;30778;H012;1;2010-12-25
114;114;30778;H012;1;2010-12-26
115;115;30778;H012;1;2010-12-26
116;116;30157;II021;1;2010-12-26
117;117;30157;H21;1;2011-01-03
118;118;30779;II008;1;2011-01-04
119;119;30707;J41;0;2011-01-05
120;120;30739;X076;1;2011-01-26
121;121;30783;H30;1;2011-01-26
122;122;30707;J41;1;2011-01-26
123;123;30676;H06;1;2011-01-27
124;124;30676;H06;1;2011-01-27
125;125;30739;X076;1;2011-01-27
126;126;30783;H30;1;2011-01-27
127;127;30676;H06;1;2011-01-27
128;128;30783;H031;1;2011-01-28
129;129;30783;H031;1;2011-01-28
130;130;30783;H031;1;2011-01-28
131;131;30783;H031;1;2011-01-29
132;132;30783;H031;1;2011-01-29
133;133;30783;H031;0;2011-01-29
134;134;30783;H031;1;2011-01-29
135;135;30783;H031;0;2011-01-29
136;136;30783;H031;1;2011-01-30
137;137;30783;H031;1;2011-01-30
138;138;30783;H031;1;2011-01-30
139;139;30783;H031;1;2011-01-30
140;140;30783;H031;1;2011-01-30
141;141;30782;H030;1;2011-01-31
142;142;30782;H030;1;2011-01-31
143;143;30782;H030;1;2011-01-31
144;144;30782;H030;1;2011-02-01
145;145;30782;H030;1;2011-02-01
146;146;30782;H030;1;2011-02-01
147;147;30571;HH028;1;2011-02-01
148;148;30782;H030;1;2011-02-01
149;149;30783;H30;1;2011-02-01
150;150;30782;H030;1;2011-02-02
151;151;30783;H30;1;2011-02-02
152;152;30782;H030;1;2011-02-02
153;153;30571;H028;1;2011-02-03
154;154;30783;H30;0;2011-02-04
155;155;30676;H06;1;2011-02-04
156;156;30783;H031;1;2011-02-05
157;157;30783;H30;1;2011-02-05
158;158;30783;H031;1;2011-02-06
159;159;30783;H031;1;2011-02-06
160;160;30783;H031;1;2011-02-06
161;161;30783;H031;1;2011-02-06
162;162;30707;J71;1;2011-02-07
163;163;30676;H033;1;2011-02-07
164;164;30783;H30;0;2011-02-07
165;165;30707;J71;1;2011-02-08
166;166;30707;J71;1;2011-02-08
167;167;30707;J70;1;2011-02-09
168;168;30707;J70;1;2011-02-09
169;169;30783;H30;1;2011-02-10
170;170;30707;J70;1;2011-02-10
171;171;30707;J70;1;2011-02-11
172;172;30676;H23;1;2011-02-12
173;173;30707;J70;1;2011-02-12
174;174;30781;H014;0;2011-02-12
175;175;30781;H014;1;2011-02-13
176;176;30781;H014;1;2011-02-13
177;177;30781;H014;1;2011-02-13
178;178;30781;H031;1;2011-02-14
179;179;30781;H031;1;2011-02-15
180;180;30781;H031;1;2011-02-15
181;181;30781;H031;1;2011-02-15
182;182;30781;H031;1;2011-02-15
183;183;30781;H031;1;2011-02-15
184;184;30781;H031;1;2011-02-15
185;185;30781;H031;1;2011-02-16
186;186;30676;II033;1;2011-02-17
187;187;30676;II033;1;2011-02-18
188;188;30676;II033;1;2011-02-18
189;189;30781;H014;1;2011-02-18
190;190;30676;II033;1;2011-02-19
191;191;30781;H014;1;2011-02-20
192;192;30781;H014;1;2011-02-20
193;193;30781;H014;1;2011-02-20
194;194;30676;II033;1;2011-02-20
195;195;30781;H014;1;2011-02-21
196;196;30676;II033;1;2011-02-21
197;197;30781;H014;1;2011-02-22
198;198;30781;H014;0;2011-02-22
199;199;30781;H014;1;2011-02-23
200;200;30781;H014;1;2011-02-23
201;201;30781;H014;1;2011-02-23
202;202;30781;II014;0;2011-02-24
203;203;30781;H014;1;2011-02-25
204;204;30781;H014;1;2011-02-25
205;205;30781;H014;1;2011-02-25
206;206;30781;H014;0;2011-02-25
207;207;30781;II014;1;2011-02-25
208;208;30781;II014;1;2011-02-25
209;209;30781;II014;1;2011-02-26
210;210;30781;II014;1;2011-02-26
211;211;30781;II014;0;2011-02-27
212;212;30781;II014;1;2011-02-27
213;213;30707;J146;1;2011-02-28
214;214;30676;II033;1;2011-03-02
215;215;30707;J146;1;2011-03-02
216;216;30781;II014;1;2011-03-02
217;217;30781;II014;1;2011-03-02
218;218;30676;II033;1;2011-03-03
219;219;30676;II033;1;2011-03-03
220;220;30676;II033;0;2011-03-03
221;221;30676;II033;1;2011-03-03
222;222;30676;II033;1;2011-03-03
223;223;30676;II033;1;2011-03-04
224;224;30676;II033;1;2011-03-04
225;225;30676;II033;1;2011-03-04
226;226;30676;II033;1;2011-03-04
227;227;30676;II033;1;2011-03-05
228;228;30157;H017;0;2011-03-08
229;229;30676;II033;1;2011-03-09
230;230;30676;II033;1;2011-03-09
231;231;30676;II033;0;2011-03-09
232;232;30676;II033;1;2011-03-10
233;233;30707;J56;1;2011-03-11
234;234;30707;J56;1;2011-03-11
235;235;30707;J56;1;2011-03-12
236;236;30707;J56;1;2011-03-12
237;237;30707;J56;1;2011-03-12
238;238;30707;J56;1;2011-03-13
239;239;30707;J56;1;2011-03-13
240;240;30707;J56;1;2011-03-14
241;241;30707;J56;1;2011-03-15
242;242;30707;J56;1;2011-03-15
243;243;30707;J56;1;2011-03-15
244;244;30157;H017;1;2011-03-15
245;245;30707;J56;0;2011-03-15
246;246;30707;J56;1;2011-03-15
247;247;30157;H017;1;2011-03-16
248;248;30775;H010;1;2011-03-16
249;249;30778;II015;1;2011-03-16
250;250;30778;II015;1;2011-03-18
251;251;30778;II015;1;2011-03-19
252;252;30778;II015;1;2011-03-19
253;253;30778;II015;1;2011-03-19
254;254;30775;H010;1;2011-03-19
255;255;30778;II015;1;2011-03-19
256;256;30775;H010;1;2011-03-19
257;257;30778;II015;1;2011-03-20
258;258;30775;H010;1;2011-03-21
259;259;30775;H010;1;2011-03-22
260;260;30775;H010;1;2011-03-23
261;261;30778;II015;1;2011-03-23
262;262;30778;II015;1;2011-03-23
263;263;30778;II015;1;2011-03-24
264;264;30778;II015;1;2011-03-24
265;265;30778;II015;1;2011-03-25
266;266;30778;II015;1;2011-03-25
267;267;30778;II015;1;2011-03-25
268;268;307104;AI200;1;2011-05-24
269;269;30777;H35;1;2011-06-28
270;270;30775;H020;1;2011-07-01
271;271;30775;H020;1;2011-07-03
272;272;30777;H35;0;2011-07-03
273;273;30777;H35;1;2011-07-06
274;274;30777;H35;1;2011-07-09
275;275;30783;H05;1;2011-07-10
276;276;30783;H05;1;2011-07-12
277;277;30783;H05;1;2011-07-13
278;278;30777;H35;1;2011-07-13
279;279;30777;H35;0;2011-07-14
280;280;30783;H05;1;2011-07-16
281;281;30778;JJ013;1;2011-07-18
282;282;30777;H35;1;2011-07-18
283;283;30783;H05;1;2011-07-19
284;284;30783;H05;1;2011-07-19
285;285;30783;H05;0;2011-07-19
286;286;30778;JJ013;1;2011-07-20
287;287;30783;H05;1;2011-07-20
288;288;30778;JJ013;1;2011-07-20
289;289;30778;JJ013;1;2011-07-20
290;290;30783;H05;1;2011-07-20
291;291;30778;JJ013;1;2011-07-20
292;292;30707;J40;1;2011-07-20
293;293;30778;JJ013;1;2011-07-21
294;294;30778;JJ013;1;2011-07-21
295;295;30777;H35;1;2011-07-21
296;296;30783;H05;0;2011-07-21
297;297;30778;JJ013;1;2011-07-22
298;298;30707;J40;0;2011-07-22
299;299;30783;H05;1;2011-07-22
300;300;30783;H05;1;2011-07-22
301;301;30707;J40;1;2011-07-22
302;302;30707;J40;1;2011-07-23
303;303;30778;JJ013;1;2011-07-23
304;304;30707;J40;1;2011-07-23
305;305;30783;H05;0;2011-07-23
306;306;30707;J40;0;2011-07-23
307;307;30707;J40;1;2011-07-23
308;308;30783;H05;0;2011-07-24
309;309;30778;JJ013;1;2011-07-24
310;310;30783;H05;1;2011-07-24
311;311;30778;JJ013;1;2011-07-24
312;312;30707;J40;1;2011-07-24
313;313;30778;JJ013;1;2011-07-24
314;314;30707;J40;1;2011-07-24
315;315;30707;J40;0;2011-07-25
316;316;30707;J40;1;2011-07-25
317;317;30778;JJ013;1;2011-07-25
318;318;30778;JJ013;1;2011-07-25
319;319;30777;H35;1;2011-07-25
320;320;30783;H05;0;2011-07-25
321;321;30778;JJ013;1;2011-07-26
322;322;30777;H35;1;2011-07-26
323;323;30707;J40;1;2011-07-26
324;324;30778;JJ013;1;2011-08-03
325;325;30777;II017;1;2011-08-13
326;326;30777;II017;0;2011-08-21
327;327;30777;II017;1;2011-08-23
328;328;30809;J75;1;2011-08-23
329;329;30777;II017;0;2011-08-24
330;330;30809;J75;1;2011-08-24
331;331;30777;II017;1;2011-08-24
332;332;30777;II017;1;2011-08-24
333;333;30809;J75;1;2011-08-24
334;334;30783;F14;1;2011-08-27
335;335;30783;F14;1;2011-08-30
336;336;30783;F14;1;2011-09-02
337;337;30783;F14;1;2011-09-03
338;338;30783;F14;1;2011-09-07
339;339;30783;J017;1;2011-09-11
340;340;30783;J017;1;2011-09-13
341;341;30777;II017;1;2011-09-13
342;342;30783;J017;1;2011-09-15
343;343;30777;II017;1;2011-09-15
344;344;30783;J017;0;2011-09-18
345;345;30774;JJ019;1;2011-09-19
346;346;30777;H15;1;2011-09-20
347;347;30782;JJ030;1;2011-09-20
348;348;30783;J017;1;2011-09-20
349;349;30783;J017;1;2011-09-20
350;350;30782;JJ030;1;2011-09-20
351;351;30774;JJ019;1;2011-09-20
352;352;30783;J017;0;2011-09-21
353;353;30782;JJ030;1;2011-09-21
354;354;30774;JJ019;1;2011-09-21
355;355;30774;JJ019;1;2011-09-21
356;356;30782;JJ030;1;2011-09-23
357;357;30774;JJ019;1;2011-09-23
358;358;30774;JJ019;1;2011-09-23
359;359;30782;JJ030;1;2011-09-24
360;360;30782;JJ030;1;2011-09-24
361;361;30782;JJ030;1;2011-09-25
362;362;30782;JJ030;1;2011-09-25
363;363;30782;JJ030;1;2011-09-25
364;364;30157;H029;1;2011-09-25
365;365;30157;H029;1;2011-09-27
366;366;30157;H029;1;2011-09-28
367;367;30157;H029;0;2011-09-28
368;368;30157;H029;1;2011-09-29
369;369;30157;H029;1;2011-10-06
370;370;30157;H029;1;2011-10-07
371;371;30157;H029;1;2011-10-09
372;372;30157;H029;1;2011-10-09
373;373;30157;H029;1;2011-10-11
374;374;30157;H029;1;2011-10-13
375;375;30157;H029;1;2011-10-13
376;376;30157;H029;1;2011-10-15
377;377;30157;H029;1;2011-10-15
378;378;30774;JJ025;1;2011-10-16
379;379;30157;H029;1;2011-10-16
380;380;30774;JJ025;0;2011-10-16
381;381;30676;II033;1;2011-10-18
382;382;30157;H029;0;2011-10-18
383;383;30676;II033;1;2011-10-18
384;384;30157;H029;1;2011-10-18
385;385;30157;H029;1;2011-10-19
386;386;30157;H029;1;2011-10-19
387;387;30157;H029;1;2011-10-19
388;388;30573;J087;0;2011-10-20
389;389;30573;J087;0;2011-10-20
390;390;30573;J087;1;2011-10-21
391;391;30676;II033;1;2011-10-21
392;392;30573;J087;1;2011-10-21
393;393;30676;II033;1;2011-10-21
394;394;30676;II033;1;2011-10-21
395;395;30676;II033;1;2011-10-22
396;396;30573;J087;1;2011-10-22
397;397;30157;H29;0;2011-10-23
398;398;30676;II033;1;2011-10-23
399;399;30676;II033;1;2011-10-23
400;400;30573;J087;1;2011-10-24
401;401;30676;II033;1;2011-10-24
402;402;30676;II033;1;2011-10-24
403;403;30573;J087;0;2011-10-25
404;404;30573;J087;1;2011-10-25
405;405;30573;J087;1;2011-10-25
406;406;30573;J087;0;2011-10-25
407;407;30573;J087;1;2011-10-25
408;408;30775;JJ031;1;2011-11-20
409;409;30775;JJ031;0;2011-11-22
410;410;30775;JJ031;1;2011-11-23
411;411;30775;JJ031;1;2011-11-24
412;412;30775;J21;0;2011-11-26
413;413;30676;J013;1;2011-12-02
414;414;30676;J013;0;2011-12-03
415;415;30676;J013;0;2011-12-05
416;416;30775;JJ.23;1;2011-12-10
417;417;30775;J16;1;2011-12-11
418;418;30775;JJ.23;1;2011-12-12
419;419;30774;J21;1;2011-12-14
420;420;30774;J21;1;2011-12-15
421;421;30809;K58;1;2011-12-17
422;422;30809;K58;1;2011-12-18
423;423;30809;K58;1;2011-12-19
424;424;30775;JJ.23;1;2011-12-20
425;425;30809;K57;1;2011-12-23
426;426;30809;K57;0;2011-12-23
427;427;30782;II045;1;2011-12-23
428;428;30775;JJ23;0;2011-12-24
429;429;30782;II045;1;2011-12-24
430;430;30809;K57;1;2011-12-24
431;431;30782;II045;1;2011-12-24
432;432;30775;JJ23;1;2011-12-24
433;433;30707;O7;0;2011-12-25
434;434;30707;O7;1;2011-12-25
435;435;30707;O7;1;2011-12-25
436;436;30775;JJ.23;0;2011-12-26
437;437;30782;JJ58;0;2011-12-27
438;438;30809;K.58;1;2012-01-01
439;439;30809;K.57;1;2012-01-01
440;440;30782;JJ58;1;2012-01-03
441;441;30782;JJ58;1;2012-01-03
442;442;30782;JJ58;1;2012-01-03
443;443;30809;K.57;1;2012-01-07
444;444;30809;K.57;1;2012-01-07
445;445;30809;K.57;1;2012-01-08
446;446;30782;JJ58;1;2012-01-08
447;447;30782;JJ58;1;2012-01-09
448;448;30782;JJ58;1;2012-01-11
449;449;30673;JJ035;1;2012-01-12
450;450;30673;JJ035;1;2012-01-13
451;451;30673;JJ035;1;2012-01-14
452;452;30673;JJ035;0;2012-01-15
453;453;30673;JJ035;0;2012-01-15
454;454;30673;JJ035;1;2012-01-16
455;455;30782;JJ58;1;2012-01-17
456;456;30777;H.002;1;2012-01-17
457;457;30673;JJ035;1;2012-01-17
458;458;30673;JJ035;1;2012-01-17
459;459;30782;JJ58;1;2012-01-19
460;460;30782;JJ58;1;2012-01-19
461;461;30673;JJ035;1;2012-01-19
462;462;30777;H.002;1;2012-01-19
463;463;30673;JJ035;1;2012-01-20
464;464;30777;H.002;1;2012-01-20
465;465;30673;JJ035;1;2012-01-20
466;466;30673;JJ035;1;2012-01-20
467;467;30673;JJ035;1;2012-01-20
468;468;30157;JJ019;1;2012-01-21
469;469;30777;H.002;0;2012-01-21
470;470;30777;H.002;0;2012-01-21
471;471;30673;JJ035;1;2012-01-22
472;472;30777;H.002;1;2012-01-22
473;473;30777;H.002;1;2012-01-22
474;474;30673;JJ035;1;2012-01-22
475;475;30673;JJ035;1;2012-01-23
476;476;30673;JJ035;1;2012-01-23
477;477;30673;JJ035;1;2012-01-23
478;478;30777;H.002;1;2012-01-24
479;479;30782;JJ58;1;2012-01-25
480;480;30777;H.002;1;2012-01-25
481;481;30777;H.002;0;2012-01-25
482;482;30777;H.002;1;2012-01-25
483;483;30782;JJ58;1;2012-01-25
484;484;30809;K53;1;2012-01-25
485;485;30809;K.57;0;2012-01-29
486;486;30809;K.57;1;2012-01-30
487;487;30809;K.57;1;2012-02-08
488;488;30809;K.57;0;2012-02-10
489;489;30809;K.57;0;2012-02-18
490;490;30809;K.57;1;2012-02-19
491;491;30809;K.57;1;2012-02-23
492;492;30774;JJ049;1;2012-02-26
493;493;30777;JJ46;1;2012-02-27
494;494;30777;JJ46;0;2012-02-29
495;495;30777;JJ46;1;2012-03-01
496;496;30777;JJ46;0;2012-03-02
497;497;30777;JJ46;1;2012-03-03
498;498;30777;JJ46;0;2012-03-12
499;499;30777;JJ46;0;2012-03-14
500;500;30777;JJ46;1;2012-03-16
501;501;30777;JJ46;1;2012-03-16
502;502;30777;JJ46;0;2012-03-16
503;503;30777;JJ46;1;2012-03-17
504;504;30777;JJ46;0;2012-03-17
505;505;30780;JJ045;1;2012-03-17
506;506;30780;JJ045;1;2012-03-17
507;507;30774;JJ001;1;2012-03-17
508;508;30780;JJ045;1;2012-03-18
509;509;30777;JJ46;1;2012-03-18
510;510;30774;JJ001;1;2012-03-18
511;511;30777;JJ46;1;2012-03-18
512;512;30780;JJ045;0;2012-03-19
513;513;30774;JJ001;1;2012-03-19
514;514;30774;JJ001;1;2012-03-19
515;515;30774;JJ001;1;2012-03-20
516;516;30774;JJ001;1;2012-03-20
517;517;30774;JJ001;1;2012-03-20
518;518;30774;JJ001;1;2012-03-20
519;519;30774;JJ001;1;2012-03-20
520;520;30774;JJ001;1;2012-03-21
521;521;30774;JJ001;0;2012-03-21
522;522;30780;JJ045;1;2012-03-21
523;523;30777;JJ46;1;2012-03-21
524;524;30779;JJ028;1;2012-03-22
525;525;30774;JJ001;1;2012-03-22
526;526;30780;JJ045;1;2012-03-22
527;527;30780;JJ045;1;2012-03-22
528;528;30780;JJ045;1;2012-03-22
529;529;30774;JJ001;1;2012-03-23
530;530;30780;JJ045;0;2012-03-23
531;531;30774;JJ001;1;2012-03-23
532;532;30780;JJ045;1;2012-03-23
533;533;30780;JJ045;1;2012-03-23
534;534;30774;JJ001;1;2012-03-24
535;535;30774;JJ001;1;2012-03-25
536;536;30780;JJ045;0;2012-03-25
537;537;30774;JJ001;1;2012-03-25
538;538;30777;JJ46;1;2012-03-26
539;539;30774;JJ001;1;2012-03-26
540;540;30779;JJ028;1;2012-03-26
541;541;30780;JJ045;1;2012-03-26
542;542;30782;JJ066;1;2012-05-09
543;543;30782;JJ066;1;2012-05-27
544;544;30783;JJ21;0;2012-05-30
545;545;30783;JJ21;1;2012-06-01
546;546;30774;JJ003;1;2012-06-06
547;547;30783;JJ21;1;2012-06-08
548;548;30783;JJ21;1;2012-06-08
549;549;30783;JJ21;0;2012-06-10
550;550;30783;JJ060;0;2012-06-12
551;551;30783;JJ060;1;2012-06-13
552;552;30783;JJ060;1;2012-06-13
553;553;30783;JJ060;1;2012-06-13
554;554;30783;JJ060;1;2012-06-15
555;555;30783;JJ060;1;2012-06-15
556;556;30783;JJ060;1;2012-06-15
557;557;30783;JJ060;1;2012-06-16
558;558;30783;JJ060;1;2012-06-17
559;559;30676;JJ066;1;2012-06-19
560;560;30809;L07;1;2012-06-19
561;561;30809;L07;1;2012-06-19
562;562;30809;L07;1;2012-06-19
563;563;30809;L07;1;2012-06-19
564;564;30783;JJ21;1;2012-06-19
565;565;30809;L07;1;2012-06-20
566;566;30783;JJ21;1;2012-06-20
567;567;30809;L07;1;2012-06-20
568;568;30780;JJ007;1;2012-06-20
569;569;30780;JJ007;1;2012-06-20
570;570;30676;JJ066;1;2012-06-20
571;571;30809;L07;1;2012-06-20
572;572;30780;JJ007;1;2012-06-21
573;573;30780;JJ007;1;2012-06-21
574;574;30809;L07;1;2012-06-21
575;575;30780;JJ007;1;2012-06-21
576;576;30780;JJ007;0;2012-06-21
577;577;30809;L07;1;2012-06-22
578;578;30780;JJ007;1;2012-06-22
579;579;30809;L07;1;2012-06-22
580;580;30809;L07;1;2012-06-22
581;581;30809;L07;1;2012-06-22
582;582;30676;JJ066;1;2012-06-25
583;583;30780;J07;0;2012-06-27
584;584;30780;J07;1;2012-06-28
585;585;30687;AK.026;0;2012-07-03
586;586;30687;AH.106;1;2012-07-06
587;587;30687;AK.026;0;2012-07-07
588;588;30687;AH.106;1;2012-07-07
589;589;30687;AH.106;1;2012-07-08
590;590;30687;AH.106;1;2012-07-08
591;591;30687;AH.139;1;2012-07-11
592;592;30687;AK.026;1;2012-07-12
593;593;30687;AH.139;1;2012-07-13
594;594;30687;AH.139;0;2012-07-14
595;595;30687;AH.106;1;2012-07-15
596;596;30687;AH64;0;2012-07-16
597;597;30687;AH64;1;2012-07-16
598;598;30687;AH.139;1;2012-07-16
599;599;30687;AK.026;1;2012-07-17
600;600;30687;AH.139;1;2012-07-17
601;601;30687;AH.106;1;2012-07-17
602;602;30687;AH64;1;2012-07-18
603;603;30687;AH.139;1;2012-07-18
604;604;30687;AH64;1;2012-07-19
605;605;30687;AH.106;1;2012-07-19
606;606;30687;AH64;1;2012-07-19
607;607;30687;AH.139;0;2012-07-19
608;608;30687;AH.106;1;2012-07-19
609;609;30687;AH.139;1;2012-07-20
610;610;30687;AH.139;1;2012-07-20
611;611;30687;AH.139;0;2012-07-20
612;612;30687;AH.106;1;2012-07-20
613;613;30687;AH.139;1;2012-07-21
614;614;30687;AH.106;1;2012-07-21
615;615;30687;AH.139;1;2012-07-21
616;616;30687;AH.139;1;2012-07-21
617;617;30687;AH.106;1;2012-07-21
618;618;30687;AH.139;0;2012-07-22
619;619;30687;AH64;1;2012-07-22
620;620;30809;L.13;1;2012-07-22
621;621;30687;AH64;1;2012-07-23
622;622;30687;AH.139;1;2012-07-23
623;623;30687;AH.139;1;2012-07-23
624;624;30687;AH64;1;2012-07-23
625;625;30687;AK.026;0;2012-07-23
626;626;30687;AH.139;1;2012-07-23
627;627;30809;L 06;0;2012-07-24
628;628;30809;L.13;1;2012-07-24
629;629;30809;L.13;1;2012-07-24
630;630;30809;L.13;1;2012-07-24
631;631;30809;L.13;1;2012-07-24
632;632;30809;L.13;1;2012-07-24
633;633;30687;AH.139;1;2012-07-24
634;634;30687;AH.139;1;2012-07-25
635;635;30809;L.13;1;2012-07-25
636;636;30809;L.13;1;2012-07-26
637;637;30809;L.13;1;2012-07-26
638;638;30809;L.13;1;2012-07-26
639;639;30687;AH.139;1;2012-07-26
640;640;30809;L.13;0;2012-07-26
641;641;30777;J.05;1;2012-07-27
642;642;30777;J.05;0;2012-07-30
643;643;30777;J.05;1;2012-07-30
644;644;30782;II034;0;2012-07-31
645;645;30782;II034;0;2012-08-03
646;646;30782;II034;1;2012-08-05
647;647;30777;J.05;1;2012-08-06
648;648;30777;J.05;1;2012-08-08
649;649;30777;J.05;0;2012-08-10
650;650;30782;II034;0;2012-08-10
651;651;30782;II034;1;2012-08-11
652;652;30782;II034;1;2012-08-12
653;653;30777;J.05;1;2012-08-14
654;654;30777;J.05;1;2012-08-14
655;655;30782;II034;0;2012-08-14
656;656;30782;II034;1;2012-08-15
657;657;30777;J.05;1;2012-08-15
658;658;30782;II034;0;2012-08-15
659;659;30777;J.05;0;2012-08-15
660;660;30782;II034;0;2012-08-16
661;661;30777;J.05;1;2012-08-16
662;662;30777;J.05;1;2012-08-16
663;663;30777;J.05;1;2012-08-16
664;664;30782;II034;0;2012-08-17
665;665;30782;II034;1;2012-08-17
666;666;30782;JJ034;1;2012-08-19
667;667;30809;L.23;1;2012-08-19
668;668;30774;JJ46;1;2012-08-20
669;669;30809;L.23;1;2012-08-20
670;670;30782;JJ034;1;2012-08-21
671;671;30809;L.23;1;2012-08-21
672;672;30782;JJ034;1;2012-08-21
673;673;30782;JJ034;1;2012-08-21
674;674;30782;JJ034;1;2012-08-21
675;675;30782;JJ034;1;2012-08-22
676;676;30782;JJ034;1;2012-08-22
677;677;30782;JJ034;1;2012-08-22
678;678;30782;JJ034;1;2012-08-22
679;679;30809;L.23;1;2012-08-23
680;680;30782;JJ034;1;2012-08-23
681;681;30809;L.23;1;2012-08-23
682;682;30782;JJ034;1;2012-08-23
683;683;30782;JJ034;1;2012-08-23
684;684;30809;L.23;1;2012-08-23
685;685;30809;L.11;1;2012-08-24
686;686;30809;L.11;1;2012-08-24
687;687;30809;L.11;1;2012-08-24
688;688;30809;L.23;1;2012-08-24
689;689;30809;L.11;1;2012-08-25
690;690;30809;L.11;1;2012-08-25
691;691;30782;JJ034;1;2012-08-25
692;692;30774;JJ063;1;2012-08-27
693;693;30774;JJ063;1;2012-09-02
694;694;30774;JJ046;1;2012-09-18
695;695;30780;JJ64;1;2012-09-19
696;696;30774;JJ056;1;2012-09-24
697;697;30774;JJ063;1;2012-09-25
698;698;30780;JJ64;1;2012-10-02
699;699;30780;JJ64;1;2012-10-04
700;700;30774;JJ46;0;2012-10-09
701;701;30774;JJ46;1;2012-10-13
702;702;30788;J48;1;2012-10-13
703;703;30774;JJ63;0;2012-10-17
704;704;30774;JJ46;1;2012-10-17
705;705;30774;JJ63;1;2012-10-17
706;706;30774;JJ63;1;2012-10-17
707;707;30774;JJ63;1;2012-10-17
708;708;30774;JJ63;1;2012-10-17
709;709;30774;JJ63;1;2012-10-17
710;710;30774;JJ63;1;2012-10-18
711;711;30809;L24;1;2012-10-20
712;712;30809;L 27;0;2012-10-21
713;713;30809;L 27;1;2012-10-21
714;714;30809;L 27;1;2012-10-22
715;715;30774;JJ46;1;2012-10-22
716;716;30774;JJ46;1;2012-10-23
717;717;30774;J17;1;2012-10-24
718;718;30774;JJ46;1;2012-10-24
719;719;30774;JJ46;0;2012-10-24
720;720;30774;JJ46;0;2012-10-24
721;721;30809;L 28;1;2012-10-24
722;722;30809;L 28;1;2012-10-24
723;723;30774;J17;1;2012-10-25
724;724;30809;L 28;1;2012-10-25
725;725;30782;II22;1;2012-10-25
726;726;30782;II22;1;2012-10-25
727;727;30774;JJ46;0;2012-10-25
728;728;30774;JJ46;1;2012-10-25
729;729;30782;JJ46;1;2012-10-27
730;730;30673;KK021;1;2012-11-06
731;731;30673;KK021;0;2012-11-16
732;732;30783;JJ016;1;2012-11-17
733;733;30774;JJ17;1;2012-11-18
734;734;30774;JJ17;1;2012-11-18
735;735;30774;JJ17;1;2012-11-20
736;736;30783;JJ016;1;2012-11-20
737;737;30774;JJ17;0;2012-11-20
738;738;30774;JJ17;1;2012-11-21
739;739;30783;JJ016;1;2012-11-22
740;740;30809;L 34;1;2012-11-22
741;741;30774;JJ17;1;2012-11-22
742;742;30783;JJ016;1;2012-11-22
743;743;30783;JJ016;1;2012-11-23
744;744;30774;JJ17;1;2012-11-23
745;745;30774;JJ17;0;2012-11-24
746;746;30809;L 34;1;2012-11-24
747;747;30783;JJ016;1;2012-11-25
748;748;30774;JJ17;1;2012-11-25
749;749;30809;L 34;1;2012-11-25
750;750;30783;JJ016;1;2012-11-25
751;751;30809;L 34;1;2012-11-25
752;752;30783;JJ016;1;2012-11-25
753;753;30774;JJ17;1;2012-11-25
754;754;30774;J17;1;2012-11-28
755;755;30774;J17;1;2012-11-29
756;756;30774;J17;1;2012-12-01
757;757;30774;J17;1;2012-12-01
758;758;30774;J17;1;2012-12-02
759;759;30774;J17;1;2012-12-04
760;760;30673;K 21;0;2012-12-10
761;761;30673;K 21;1;2012-12-11
762;762;30673;K 21;1;2012-12-12
763;763;30774;J17;1;2012-12-14
764;764;30673;K 21;1;2012-12-15
765;765;30774;J17;1;2012-12-18
766;766;30774;J17;1;2012-12-18
767;767;30774;J17;1;2012-12-18
768;768;30774;J17;1;2012-12-19
769;769;30676;KK016;1;2012-12-19
770;770;30673;KK021;1;2012-12-20
771;771;30782;K020;1;2012-12-20
772;772;30774;J17;1;2012-12-21
773;773;30676;KK016;0;2012-12-21
774;774;30676;KK016;1;2012-12-21
775;775;30774;J17;1;2012-12-21
776;776;30774;J17;1;2012-12-21
777;777;30774;J17;1;2012-12-22
778;778;30774;J17;1;2012-12-22
779;779;30774;J17;0;2012-12-22
780;780;30774;J17;0;2012-12-22
781;781;30774;J17;0;2012-12-22
782;782;30774;J17;1;2012-12-22
783;783;30774;J17;0;2012-12-22
784;784;30774;J17;0;2012-12-22
785;785;30676;KK016;1;2012-12-23
786;786;30673;K 21;1;2012-12-23
787;787;30673;K 21;0;2012-12-23
788;788;30676;KK016;1;2012-12-24
789;789;30774;J17;0;2012-12-24
790;790;30676;KK016;0;2012-12-24
791;791;30774;J17;0;2012-12-25
792;792;30673;K 21;1;2012-12-25
793;793;30774;J17;1;2012-12-25
794;794;30774;J17;1;2012-12-25
795;795;30774;J17;1;2012-12-25
796;796;30774;J17;1;2012-12-25
797;797;30782;J17;1;2012-12-26
798;798;30782;J17;1;2012-12-26
799;799;30782;J17;0;2012-12-26
800;800;30782;J17;0;2012-12-26
801;801;30673;K 21;1;2012-12-26
802;802;30673;K 21;1;2012-12-26
803;803;30673;KK021;1;2012-12-26
804;804;30782;J17;0;2012-12-26
805;805;30782;JJ025;1;2013-01-16
806;806;30782;JJ025;1;2013-01-20
807;807;30774;JJ041;1;2013-01-21
808;808;30774;JJ041;1;2013-01-21
809;809;30774;JJ041;1;2013-01-21
810;810;30673;K002;0;2013-01-22
811;811;30673;K 02;1;2013-01-22
812;812;30673;K002;1;2013-01-22
813;813;30673;K 02;1;2013-01-22
814;814;30782;JJ025;1;2013-01-22
815;815;30673;K002;0;2013-01-22
816;816;30673;K002;1;2013-01-22
817;817;30774;JJ041;1;2013-01-23
818;818;30774;JJ041;1;2013-01-23
819;819;30673;K 02;1;2013-01-23
820;820;30673;K 02;1;2013-01-23
821;821;30673;K002;1;2013-01-24
822;822;30774;JJ041;1;2013-01-24
823;823;30673;K 02;1;2013-01-24
824;824;30673;K002;1;2013-01-24
825;825;30782;JJ025;1;2013-01-24
826;826;30673;K002;1;2013-01-25
827;827;30673;K 02;0;2013-01-25
828;828;30673;K002;1;2013-01-25
829;829;30782;JJ025;1;2013-01-25
830;830;30782;JJ025;0;2013-01-25
831;831;30673;K 02;1;2013-01-25
832;832;30779;JJ050;1;2013-02-01
833;833;30779;JJ050;1;2013-02-06
834;834;30779;JJ050;0;2013-02-17
835;835;30782;II045;1;2013-02-19
836;836;30782;II045;1;2013-02-19
837;837;30782;II045;1;2013-02-19
838;838;30782;II045;1;2013-02-19
839;839;30782;II045;1;2013-02-19
840;840;30782;II045;1;2013-02-19
841;841;30779;JJ050;1;2013-02-20
842;842;30673;K02;1;2013-02-20
843;843;30779;JJ050;1;2013-02-20
844;844;30673;K02;1;2013-02-20
845;845;30673;K02;1;2013-02-20
846;846;30673;K02;1;2013-02-20
847;847;30779;JJ050;1;2013-02-20
848;848;30782;II045;1;2013-02-21
849;849;30782;II045;1;2013-02-21
850;850;30673;K02;1;2013-02-21
851;851;30673;K02;1;2013-02-22
852;852;30673;K02;1;2013-02-22
853;853;30673;K02;1;2013-02-22
854;854;30673;K02;1;2013-02-22
855;855;30673;K02;0;2013-02-22
856;856;30676;KK036;1;2013-02-23
857;857;30676;KK036;1;2013-02-24
858;858;30673;K02;1;2013-02-24
859;859;30673;K02;1;2013-02-24
860;860;30673;K02;1;2013-02-24
861;861;30673;K02;1;2013-02-25
862;862;30673;II50;1;2013-03-02
863;863;30673;II50;1;2013-03-12
864;864;30673;II50;1;2013-03-15
865;865;30673;II50;0;2013-03-15
866;866;30673;KK028;1;2013-03-16
867;867;30782;II50;1;2013-03-16
868;868;30782;II50;1;2013-03-17
869;869;30783;KK023;1;2013-03-19
870;870;30783;K 23;0;2013-03-19
871;871;30782;II50;1;2013-03-20
872;872;30782;II50;1;2013-03-20
873;873;30782;II50;1;2013-03-21
874;874;30782;II50;1;2013-03-21
875;875;30673;KK029;0;2013-03-22
876;876;30673;KK029;1;2013-03-23
877;877;30783;K 23;1;2013-03-23
878;878;30673;II50;1;2013-03-23
879;879;30673;KK029;0;2013-03-24
880;880;30783;K 23;1;2013-03-24
881;881;30673;KK029;1;2013-03-24
882;882;30673;II50;1;2013-03-24
883;883;30673;KK029;1;2013-03-25
884;884;30783;KK023;1;2013-03-26
885;885;30783;KK023;1;2013-03-26
886;886;30778;KK010;1;2013-03-26
887;887;30783;KK023;1;2013-03-27
888;888;30783;KK023;1;2013-03-27
889;889;30673;II50;1;2013-03-27
890;890;30779;JJ018;1;2013-03-30
891;891;30780;J045;1;2013-03-30
892;892;30779;JJ018;1;2013-03-31
893;893;30774;JJ060;1;2013-03-31
894;894;30774;JJ060;1;2013-03-31
895;895;30779;JJ018;1;2013-04-01
896;896;30774;JJ060;0;2013-04-02
897;897;30779;JJ018;1;2013-04-02
898;898;30780;KK024;1;2013-04-24
899;899;30676;K34;1;2013-04-24
900;900;30780;KK024;1;2013-04-24
901;901;30780;KK024;0;2013-04-25
902;902;30777;K06;0;2013-04-26
903;903;30676;KK016;1;2013-04-27
904;904;30780;KK024;1;2013-04-27
905;905;30777;K37;0;2013-04-28
906;906;30774;K37;1;2013-05-09
907;907;30774;K37;0;2013-05-12
908;908;30774;K37;1;2013-05-13
909;909;30780;K24;1;2013-05-15
910;910;30774;KK007;1;2013-05-16
911;911;30777;KK009;1;2013-05-17
912;912;30777;KK009;1;2013-05-17
913;913;30777;KK009;1;2013-05-18
914;914;30777;KK009;1;2013-05-19
915;915;30777;KK009;1;2013-05-19
916;916;30780;K24;0;2013-05-19
917;917;30777;KK009;1;2013-05-19
918;918;30782;JJ24;1;2013-05-26
919;919;30777;KK009;0;2013-05-28
920;920;30782;J036;1;2013-06-13
921;921;30782;JJ036;1;2013-06-16
922;922;30763;K 25;1;2013-06-22
923;923;30783;KK028;1;2013-07-03
924;924;30783;KK028;1;2013-07-05
925;925;30783;KK028;1;2013-07-13
926;926;30782;J036;0;2013-07-14
927;927;30782;J036;1;2013-07-14
928;928;30782;J036;0;2013-07-15
929;929;30782;J036;1;2013-07-17
930;930;30782;J036;1;2013-07-17
931;931;30782;J036;1;2013-07-17
932;932;30783;KK028;1;2013-07-18
933;933;30783;KK028;1;2013-07-18
934;934;30783;KK025;1;2013-07-19
935;935;30783;KK028;1;2013-07-21
936;936;30783;KK028;1;2013-07-21
937;937;30783;KK025;1;2013-07-21
938;938;30783;KK025;0;2013-07-21
939;939;30783;KK028;1;2013-07-21
940;940;30783;KK028;1;2013-07-21
941;941;30783;KK028;1;2013-07-21
942;942;30783;KK028;1;2013-07-23
943;943;30783;KK025;0;2013-07-23
944;944;30783;KK025;1;2013-07-23
945;945;30783;KK025;1;2013-07-23
946;946;30783;KK028;1;2013-07-23
947;947;30783;KK028;1;2013-07-23
948;948;30780;KK033;1;2013-07-24
949;949;30783;KK028;1;2013-07-24
950;950;30783;KK025;0;2013-07-24
951;951;30783;KK028;1;2013-07-24
952;952;30780;KK008;1;2013-07-24
953;953;30783;KK028;1;2013-07-24
954;954;30783;KK028;0;2013-07-24
955;955;30780;KK033;0;2013-07-25
956;956;30780;KK033;0;2013-07-25
957;957;30783;KK028;1;2013-07-25
958;958;30780;KK033;0;2013-07-25
959;959;30783;KK028;1;2013-07-25
960;960;30783;KK025;1;2013-07-25
961;961;30783;KK025;0;2013-07-26
962;962;30783;KK028;1;2013-07-26
963;963;30783;KK028;0;2013-07-31
964;964;30783;KK028;0;2013-08-03
965;965;30783;KK028;1;2013-08-07
966;966;30783;KK028;1;2013-08-14
967;967;30783;KK025;0;2013-08-16
968;968;30572;JJ006;1;2013-08-19
969;969;30780;K027;1;2013-08-19
970;970;30572;JJ006;0;2013-08-20
971;971;30780;K027;1;2013-08-20
972;972;30780;K027;1;2013-08-20
973;973;30780;JJ037;1;2013-08-20
974;974;30780;JJ037;1;2013-08-20
975;975;30572;JJ006;1;2013-08-20
976;976;30780;JJ037;0;2013-08-21
977;977;30572;JJ006;0;2013-08-21
978;978;30572;JJ006;1;2013-08-21
979;979;30572;JJ006;0;2013-08-21
980;980;30783;KK025;1;2013-08-22
981;981;30572;JJ006;0;2013-08-22
982;982;30572;JJ006;1;2013-08-22
983;983;30572;JJ006;0;2013-08-22
984;984;30783;KK025;1;2013-08-22
985;985;30783;KK028;1;2013-08-23
986;986;30783;KK028;1;2013-08-23
987;987;30780;JJ048;0;2013-08-23
988;988;30783;KK028;1;2013-08-23
989;989;30783;KK025;1;2013-08-24
990;990;30572;JJ006;0;2013-08-24
991;991;30780;JJ048;1;2013-08-24
992;992;30780;JJ048;0;2013-08-24
993;993;30780;JJ048;1;2013-08-24
994;994;30783;KK028;1;2013-08-24
995;995;30780;K008;1;2013-08-24
996;996;30783;KK028;1;2013-08-24
997;997;30780;JJ048;1;2013-08-24
998;998;30783;KK028;0;2013-08-24
999;999;30572;JJ006;0;2013-08-25
1000;1000;30572;JJ006;0;2013-08-25
1001;1001;30572;JJ006;1;2013-08-25
1002;1002;30780;K027;1;2013-08-25
1003;1003;30783;KK025;1;2013-08-25
1004;1004;30783;KK028;1;2013-08-25
1005;1005;30783;KK028;1;2013-08-25
1006;1006;30783;KK028;1;2013-08-25
1007;1007;30783;KK028;0;2013-08-25
1008;1008;30780;K027;1;2013-08-25
1009;1009;30572;JJ006;1;2013-08-25
1010;1010;30783;KK028;1;2013-08-25
1011;1011;30780;K027;1;2013-08-25
1012;1012;30783;KK028;1;2013-08-25
1013;1013;30780;KK027;1;2013-08-26
1014;1014;30783;KK028;1;2013-08-29
1015;1015;30778;KK004;1;2013-09-03
1016;1016;30778;KK004;1;2013-09-06
1017;1017;30778;KK004;1;2013-09-06
1018;1018;30778;KK004;1;2013-09-08
1019;1019;30778;KK004;0;2013-09-10
1020;1020;30778;KK004;1;2013-09-10
1021;1021;30778;KK004;1;2013-09-11
1022;1022;30778;KK004;1;2013-09-13
1023;1023;30780;KK005;1;2013-09-13
1024;1024;30783;KK028;1;2013-09-15
1025;1025;30778;KK004;1;2013-09-15
1026;1026;30778;KK004;1;2013-09-15
1027;1027;30783;KK028;1;2013-09-16
1028;1028;30778;KK001;0;2013-09-17
1029;1029;30778;KK004;1;2013-09-17
1030;1030;30778;KK004;1;2013-09-17
1031;1031;30778;KK001;0;2013-09-17
1032;1032;30780;KK024;0;2013-09-18
1033;1033;30783;KK028;1;2013-09-18
1034;1034;30778;KK004;1;2013-09-18
1035;1035;30780;KK024;1;2013-09-19
1036;1036;30778;KK004;1;2013-09-19
1037;1037;30778;KK005;1;2013-09-19
1038;1038;30778;KK005;1;2013-09-20
1039;1039;30780;II048;1;2013-09-20
1040;1040;30780;II048;1;2013-09-20
1041;1041;30778;KK004;1;2013-09-20
1042;1042;30780;II048;1;2013-09-20
1043;1043;30778;KK005;1;2013-09-21
1044;1044;30780;II048;1;2013-09-21
1045;1045;30780;II048;1;2013-09-21
1046;1046;30778;KK004;0;2013-09-21
1047;1047;30780;II048;1;2013-09-22
1048;1048;30780;II048;1;2013-09-22
1049;1049;30780;II048;1;2013-09-23
1050;1050;30780;II048;1;2013-09-23
1051;1051;30783;KK028;0;2013-09-23
1052;1052;30780;II048;1;2013-09-24
1053;1053;30778;KK004;1;2013-09-24
1054;1054;30780;II030;1;2013-09-24
1055;1055;30780;II048;1;2013-09-24
1056;1056;30783;KK028;0;2013-09-24
1057;1057;30778;KK001;0;2013-09-24
1058;1058;30778;KK001;1;2013-09-25
1059;1059;30778;KK004;0;2013-09-25
1060;1060;30780;II048;1;2013-09-25
1061;1061;30778;KK004;1;2013-09-25
1062;1062;30778;KK005;1;2013-09-25
1063;1063;30778;KK004;1;2013-09-25
1064;1064;30572;II025;0;2013-10-16
1065;1065;30572;II025;1;2013-10-16
1066;1066;30778;KK005;1;2013-10-16
1067;1067;30572;II025;0;2013-10-16
1068;1068;30572;II025;0;2013-10-16
1069;1069;30778;KK001;0;2013-10-16
1070;1070;30572;II025;1;2013-10-17
1071;1071;30778;KK001;1;2013-10-17
1072;1072;30572;II025;1;2013-10-17
1073;1073;30572;II025;1;2013-10-17
1074;1074;30572;II025;1;2013-10-17
1075;1075;30778;KK005;0;2013-10-18
1076;1076;30778;KK005;1;2013-10-18
1077;1077;30778;KK005;0;2013-10-18
1078;1078;30778;KK005;0;2013-10-18
1079;1079;30778;KK005;1;2013-10-18
1080;1080;30778;KK001;0;2013-10-18
1081;1081;30778;KK005;0;2013-10-18
1082;1082;30572;JJ031;1;2013-10-18
1083;1083;30572;JJ031;0;2013-10-18
1084;1084;30778;KK005;0;2013-10-18
1085;1085;30778;KK005;1;2013-10-19
1086;1086;30778;KK001;0;2013-10-19
1087;1087;30778;KK005;0;2013-10-19
1088;1088;30778;KK001;1;2013-10-20
1089;1089;30778;KK001;1;2013-10-20
1090;1090;30572;JJ031;1;2013-10-20
1091;1091;30572;JJ031;1;2013-10-22
1092;1092;30778;KK005;1;2013-10-22
1093;1093;30572;JJ031;1;2013-10-22
1094;1094;30778;KK005;1;2013-10-22
1095;1095;30778;KK005;1;2013-10-22
1096;1096;30778;KK005;0;2013-10-22
1097;1097;30572;JJ031;1;2013-10-23
1098;1098;30778;KK005;1;2013-10-23
1099;1099;30778;KK001;1;2013-10-23
1100;1100;30572;JJ031;1;2013-10-23
1101;1101;30778;KK001;1;2013-10-23
1102;1102;30778;KK005;0;2013-10-23
1103;1103;30778;KK005;0;2013-10-23
1104;1104;30778;KK001;1;2013-10-24
1105;1105;30778;KK005;0;2013-10-24
1106;1106;30778;KK005;1;2013-10-24
1107;1107;30572;JJ031;1;2013-10-24
1108;1108;30778;KK005;1;2013-10-24
1109;1109;30778;KK001;1;2013-10-24
1110;1110;30778;KK001;1;2013-10-24
1111;1111;30778;KK001;1;2013-10-24
1112;1112;30778;KK001;1;2013-10-24
1113;1113;30778;KK005;1;2013-10-25
1114;1114;30778;KK005;1;2013-10-25
1115;1115;30778;KK005;1;2013-10-25
1116;1116;30572;JJ040;1;2013-10-25
1117;1117;30572;JJ031;1;2013-10-28
1118;1118;30157;JJ006;1;2013-11-11
1119;1119;30157;JJ006;1;2013-11-11
1120;1120;30157;JJ006;1;2013-11-13
1121;1121;30157;JJ006;1;2013-11-13
1122;1122;30157;JJ006;1;2013-11-14
1123;1123;30157;JJ006;1;2013-11-14
1124;1124;30157;JJ006;1;2013-11-14
1125;1125;30157;JJ006;1;2013-11-14
1126;1126;30157;JJ006;1;2013-11-14
1127;1127;30157;JJ006;1;2013-11-16
1128;1128;30157;JJ006;1;2013-11-16
1129;1129;30157;JJ006;1;2013-11-17
1130;1130;30157;JJ006;1;2013-11-17
1131;1131;30157;JJ006;1;2013-11-18
1132;1132;30157;JJ006;1;2013-11-18
1133;1133;30157;JJ42;0;2013-11-18
1134;1134;30157;JJ006;1;2013-11-18
1135;1135;30157;JJ006;0;2013-11-19
1136;1136;30157;JJ42;1;2013-11-19
1137;1137;30157;JJ006;1;2013-11-19
1138;1138;30157;JJ006;1;2013-11-19
1139;1139;30157;JJ006;1;2013-11-19
1140;1140;30157;JJ006;1;2013-11-19
1141;1141;30157;JJ006;0;2013-11-19
1142;1142;30157;JJ42;1;2013-11-20
1143;1143;30157;JJ42;1;2013-11-20
1144;1144;30157;JJ42;1;2013-11-20
1145;1145;30157;JJ006;1;2013-11-20
1146;1146;30157;JJ006;0;2013-11-20
1147;1147;30157;JJ42;1;2013-11-21
1148;1148;30157;JJ006;1;2013-11-22
1149;1149;30157;JJ006;1;2013-11-22
1150;1150;30157;JJ42;1;2013-11-22
1151;1151;30157;JJ42;1;2013-11-23
1152;1152;30157;JJ006;1;2013-11-23
1153;1153;30572;JJ031;1;2013-11-23
1154;1154;30157;JJ42;1;2013-11-23
1155;1155;30572;JJ031;1;2013-11-24
1156;1156;30157;JJ006;1;2013-11-24
1157;1157;30780;LL016;1;2013-11-24
1158;1158;30780;JJ065;1;2013-11-24
1159;1159;30780;JJ065;1;2013-11-24
1160;1160;30572;JJ031;0;2013-11-24
1161;1161;30780;LL016;1;2013-11-24
1162;1162;30572;JJ031;1;2013-11-24
1163;1163;30572;JJ031;0;2013-11-24
1164;1164;30780;LL016;0;2013-11-25
1165;1165;30780;LL016;0;2013-11-25
1166;1166;30783;JJ004;1;2013-11-25
1167;1167;30572;JJ031;1;2013-11-25
1168;1168;30783;KK009;1;2013-12-12
1169;1169;30783;KK009;1;2013-12-12
1170;1170;30783;KK009;0;2013-12-13
1171;1171;30780;KK016;1;2013-12-18
1172;1172;30780;KK016;1;2013-12-18
1173;1173;30780;L002;1;2013-12-18
1174;1174;30780;L002;0;2013-12-19
1175;1175;30780;L002;1;2013-12-19
1176;1176;30780;KK016;1;2013-12-19
1177;1177;30780;KK016;1;2013-12-19
1178;1178;30780;KK016;1;2013-12-19
1179;1179;30780;L002;0;2013-12-19
1180;1180;30780;KK016;1;2013-12-20
1181;1181;30780;L002;1;2013-12-20
1182;1182;30780;L002;1;2013-12-20
1183;1183;30780;L002;1;2013-12-20
1184;1184;30780;KK016;0;2013-12-20
1185;1185;30780;KK016;0;2013-12-20
1186;1186;30780;KK016;1;2013-12-21
1187;1187;30780;L002;1;2013-12-21
1188;1188;30780;KK016;1;2013-12-21
1189;1189;30780;L002;1;2013-12-21
1190;1190;30780;L002;1;2013-12-21
1191;1191;30780;L002;1;2013-12-22
1192;1192;30780;KK016;1;2013-12-22
1193;1193;30780;KK016;1;2013-12-22
1194;1194;30780;KK016;1;2013-12-22
1195;1195;30783;KK009;1;2013-12-23
1196;1196;30780;L002;0;2013-12-23
1197;1197;30780;L002;1;2013-12-23
1198;1198;30780;L002;1;2013-12-24
1199;1199;30780;LL026;1;2013-12-24
1200;1200;30780;LL026;1;2013-12-24
1201;1201;30780;KK016;1;2013-12-25
1202;1202;30780;L002;1;2013-12-25
1203;1203;30780;L002;1;2013-12-25
1204;1204;30780;L002;1;2013-12-25
1205;1205;30780;KK016;1;2013-12-26
1206;1206;30780;LL026;1;2013-12-26
1207;1207;30780;LL026;1;2013-12-26
1208;1208;30780;L002;1;2013-12-26
1209;1209;30780;LL026;1;2013-12-26
1210;1210;30780;KK016;0;2013-12-26
1211;1211;30780;KK016;1;2013-12-26
1212;1212;30780;L 002;1;2013-12-31
1213;1213;30780;L 002;1;2014-01-02
1214;1214;30780;L 002;1;2014-01-14
1215;1215;30780;L002;1;2014-01-19
1216;1216;30572;JJ019;1;2014-01-20
1217;1217;30572;JJ019;1;2014-01-20
1218;1218;30783;LL018;1;2014-01-21
1219;1219;30783;LL106;1;2014-01-21
1220;1220;30780;L002;1;2014-01-21
1221;1221;30780;L002;1;2014-01-21
1222;1222;30780;L002;1;2014-01-21
1223;1223;30783;LL018;1;2014-01-22
1224;1224;30572;JJ019;1;2014-01-22
1225;1225;30783;LL018;1;2014-01-22
1226;1226;30572;JJ019;1;2014-01-22
1227;1227;30783;LL018;1;2014-01-22
1228;1228;30572;JJ019;0;2014-01-22
1229;1229;30783;LL106;1;2014-01-22
1230;1230;30572;JJ019;0;2014-01-23
1231;1231;30783;LL018;1;2014-01-23
1232;1232;30783;LL106;1;2014-01-23
1233;1233;30783;LL018;1;2014-01-23
1234;1234;30783;LL018;1;2014-01-23
1235;1235;30783;LL018;1;2014-01-23
1236;1236;30572;JJ019;1;2014-01-24
1237;1237;30572;JJ019;1;2014-01-24
1238;1238;30572;JJ019;1;2014-01-24
1239;1239;30783;LL018;1;2014-01-24
1240;1240;30783;LL018;1;2014-01-24
1241;1241;30783;LL018;1;2014-01-24
1242;1242;30783;LL018;1;2014-01-24
1243;1243;30783;LL018;1;2014-01-24
1244;1244;30783;LL018;1;2014-01-24
1245;1245;30780;LL010;1;2014-01-25
1246;1246;30783;LL018;1;2014-01-25
1247;1247;30783;LL106;1;2014-01-25
1248;1248;30783;LL018;1;2014-01-25
1249;1249;30783;LL018;1;2014-02-19
1250;1250;30783;LL016;1;2014-02-19
1251;1251;30783;LL016;1;2014-02-19
1252;1252;30783;LL016;1;2014-02-19
1253;1253;30783;LL016;1;2014-02-19
1254;1254;30783;LL016;1;2014-02-19
1255;1255;30783;LL018;1;2014-02-22
1256;1256;30783;LL022;1;2014-02-22
1257;1257;30783;LL018;0;2014-02-22
1258;1258;30783;LL022;1;2014-02-23
1259;1259;30783;LL016;1;2014-02-23
1260;1260;30783;LL016;1;2014-02-23
1261;1261;30783;LL022;1;2014-02-24
1262;1262;30783;LL022;1;2014-02-24
1263;1263;30783;LL022;1;2014-02-24
1264;1264;30783;KK23;1;2014-03-28
1265;1265;30778;KK010;1;2014-03-29
1266;1266;30809;L 57;0;2014-03-29
1267;1267;30778;KK010;1;2014-03-30
1268;1268;30778;KK010;1;2014-03-30
1269;1269;30673;KK029;1;2014-03-30
1270;1270;30778;KK010;1;2014-03-30
1271;1271;30783;KK23;1;2014-03-30
1272;1272;30783;KK23;1;2014-03-31
1273;1273;30676;KK016;1;2014-03-31
1274;1274;30809;L 57;0;2014-03-31
1275;1275;30777;KK029;1;2014-03-31
1276;1276;30777;KK029;1;2014-04-01
1277;1277;30783;KK23;1;2014-04-01
1278;1278;30777;KK029;1;2014-04-01
1279;1279;30783;KK23;1;2014-04-01
1280;1280;30783;KK23;1;2014-04-01
1281;1281;30676;KK016;1;2014-04-02
1282;1282;30783;LL030;1;2014-04-09
1283;1283;30783;LL030;1;2014-04-16
1284;1284;30783;LL030;1;2014-04-20
1285;1285;30783;LL030;0;2014-04-25
1286;1286;30783;LL030;1;2014-04-27
1287;1287;30783;LL034;1;2014-05-07
1288;1288;30783;LL034;0;2014-05-07
1289;1289;30783;LL034;1;2014-05-19
1290;1290;30781;KK004;1;2014-05-20
1291;1291;30783;LL034;1;2014-05-20
1292;1292;30783;LL034;1;2014-05-21
1293;1293;30783;LL034;1;2014-05-21
1294;1294;30783;LL034;1;2014-05-21
1295;1295;30783;LL034;1;2014-05-22
1296;1296;30783;LL034;1;2014-05-23
1297;1297;30781;KK004;1;2014-05-23
1298;1298;30781;KK004;1;2014-05-23
1299;1299;30783;LL034;1;2014-05-24
1300;1300;30783;LL034;1;2014-05-24
1301;1301;30783;LL034;0;2014-05-24
1302;1302;30783;LL034;1;2014-05-24
1303;1303;30783;LL034;0;2014-05-24
1304;1304;30783;LL029;1;2014-05-25
1305;1305;30781;KK004;1;2014-05-25
1306;1306;30783;LL034;1;2014-05-25
1307;1307;30783;LL029;1;2014-05-25
1308;1308;30783;LL034;1;2014-05-27
1309;1309;30781;KK004;1;2014-05-27
1310;1310;30783;LL034;1;2014-05-27
1311;1311;30783;LL029;1;2014-05-28
1312;1312;30783;LL034;1;2014-05-28
1313;1313;30783;LL023;1;2014-05-29
1314;1314;30783;LL023;1;2014-06-02
1315;1315;30780;LL030;1;2014-06-08
1316;1316;30780;LL030;1;2014-06-10
1317;1317;30780;LL030;1;2014-06-16
1318;1318;30780;LL030;1;2014-06-17
1319;1319;30780;LL030;1;2014-06-19
1320;1320;30780;LL030;1;2014-06-22
1321;1321;30780;LL030;0;2014-06-22
1322;1322;30780;LL038;1;2014-06-23
1323;1323;30780;LL038;1;2014-06-24
1324;1324;30783;LL031;0;2014-06-25
1325;1325;30783;LL010;1;2014-06-25
1326;1326;30783;LL010;0;2014-06-25
1327;1327;31085;LL013;1;2014-07-06
1328;1328;31085;LL013;1;2014-07-08
1329;1329;31085;LL013;1;2014-07-22
1330;1330;30673;LL005;1;2014-07-22
1331;1331;31085;LL013;1;2014-07-22
1332;1332;30673;JJ037;1;2014-07-23
1333;1333;30763;JJ014;1;2014-07-23
1334;1334;31085;LL013;1;2014-07-23
1335;1335;31085;LL013;1;2014-07-23
1336;1336;30763;JJ014;1;2014-07-23
1337;1337;31085;LL013;1;2014-07-23
1338;1338;30673;LL005;1;2014-07-24
1339;1339;31085;LL013;0;2014-07-24
1340;1340;31085;LL013;1;2014-07-24
1341;1341;30673;LL005;1;2014-07-24
1342;1342;30763;JJ014;1;2014-07-25
1343;1343;30673;JJ005;1;2014-07-25
1344;1344;30673;JJ005;1;2014-07-25
1345;1345;30763;JJ014;1;2014-07-25
1346;1346;30673;LL005;1;2014-07-26
1347;1347;31091;LL028;1;2014-07-26
1348;1348;31091;LL028;0;2014-07-26
1349;1349;30673;LL005;0;2014-07-26
1350;1350;30673;JJ037;1;2014-07-26
1351;1351;30673;JJ037;1;2014-07-26
1352;1352;31095;LL034;1;2014-08-30
1353;1353;31095;LL034;0;2014-09-02
1354;1354;31095;LL034;1;2014-09-10
1355;1355;31093;KK006;1;2014-09-11
1356;1356;31093;KK006;0;2014-09-12
1357;1357;31085;KK005;1;2014-09-16
1358;1358;31085;KK005;1;2014-09-17
1359;1359;31085;KK005;1;2014-09-17
1360;1360;31095;LL034;0;2014-09-17
1361;1361;31085;KK005;1;2014-09-17
1362;1362;31093;KK006;1;2014-09-17
1363;1363;31085;KK005;1;2014-09-18
1364;1364;31095;LL034;1;2014-09-18
1365;1365;31085;KK005;1;2014-09-19
1366;1366;31093;KK006;1;2014-09-19
1367;1367;31085;KK005;1;2014-09-20
1368;1368;31093;KK006;1;2014-09-20
1369;1369;31093;KK006;0;2014-09-20
1370;1370;31085;KK005;1;2014-09-20
1371;1371;31093;KK006;1;2014-09-21
1372;1372;30778;LL014;1;2014-09-23
1373;1373;31085;KK005;1;2014-09-23
1374;1374;31093;KK006;1;2014-09-23
1375;1375;31093;KK006;1;2014-09-23
1376;1376;30778;LL014;1;2014-09-24
1377;1377;31085;KK005;1;2014-09-24
1378;1378;31085;KK005;1;2014-09-24
1379;1379;30778;LL014;0;2014-09-24
1380;1380;31093;KK010;1;2014-09-24
1381;1381;30778;LL014;0;2014-09-24
1382;1382;31093;KK010;1;2014-09-24
1383;1383;31093;KK010;1;2014-09-24
1384;1384;30778;LL014;1;2014-09-25
1385;1385;31093;KK006;1;2014-09-25
1386;1386;31093;KK010;0;2014-09-25
1387;1387;31093;KK006;1;2014-09-25
1388;1388;30778;LL014;1;2014-09-25
1389;1389;31093;KK006;1;2014-09-25
1390;1390;31093;KK006;0;2014-09-25
1391;1391;30778;LL014;0;2014-09-25
1392;1392;30778;LL014;1;2014-09-25
1393;1393;30778;LL014;1;2014-09-25
1394;1394;31095;LL006;1;2014-09-27
1395;1395;31095;LL006;1;2014-09-28
1396;1396;31093;KK010;0;2014-09-29
1397;1397;31095;LL006;1;2014-09-29
1398;1398;31093;KK010;1;2014-09-30
1399;1399;31095;LL006;1;2014-10-01
1400;1400;31093;KK010;1;2014-10-04
1401;1401;310105;LL008;0;2014-10-05
1402;1402;31093;KK010;1;2014-10-08
1403;1403;31093;KK010;1;2014-10-10
1404;1404;31093;KK010;1;2014-10-12
1405;1405;31093;KK010;1;2014-10-12
1406;1406;31093;KK010;1;2014-10-13
1407;1407;31093;KK010;1;2014-10-14
1408;1408;310105;LL008;1;2014-10-17
1409;1409;31093;KK010;1;2014-10-18
1410;1410;31091;LL028;1;2014-10-18
1411;1411;31093;KK010;1;2014-10-19
1412;1412;31091;LL028;1;2014-10-19
1413;1413;31093;KK010;0;2014-10-20
1414;1414;31094;LL037;1;2014-10-20
1415;1415;31093;KK010;1;2014-10-21
1416;1416;31094;LL037;1;2014-10-21
1417;1417;31094;LL037;1;2014-10-21
1418;1418;31094;LL037;1;2014-10-21
1419;1419;31094;LL037;1;2014-10-21
1420;1420;31093;KK010;1;2014-10-22
1421;1421;31094;LL037;0;2014-10-22
1422;1422;31094;LL037;0;2014-10-22
1423;1423;31094;LL037;1;2014-10-23
1424;1424;31093;KK010;1;2014-10-23
1425;1425;31093;KK006;1;2014-10-23
1426;1426;31094;LL037;1;2014-10-23
1427;1427;31094;LL037;1;2014-10-23
1428;1428;31094;LL037;0;2014-10-24
1429;1429;31093;KK010;0;2014-10-24
1430;1430;310105;LL008;1;2014-10-25
1431;1431;31094;LL037;0;2014-10-25
1432;1432;31093;KK010;1;2014-10-31
1433;1433;31086;LL023;1;2014-11-06
1434;1434;31086;LL023;1;2014-11-10
1435;1435;31086;LL023;1;2014-11-15
1436;1436;31098;LL009;1;2014-11-17
1437;1437;31091;LL046;0;2014-11-20
1438;1438;310105;LL008;1;2014-11-21
1439;1439;31091;LL046;1;2014-11-21
1440;1440;31098;LL009;0;2014-11-22
1441;1441;31098;LL009;1;2014-11-23
1442;1442;31098;LL009;1;2014-11-23
1443;1443;31098;LL009;1;2014-11-24
1444;1444;31098;LL009;1;2014-11-24
1445;1445;31091;LL046;1;2014-11-25
1446;1446;310105;LL008;1;2014-11-25
1447;1447;31091;LL046;1;2014-11-25
1448;1448;31095;LL028;1;2014-12-11
1449;1449;30091;LL028;0;2014-12-16
1450;1450;30091;LL028;1;2014-12-18
1451;1451;30091;LL028;1;2014-12-20
1452;1452;30091;LL028;1;2014-12-21
1453;1453;30698;AI031;1;2014-12-21
1454;1454;30091;LL028;1;2014-12-22
1455;1455;30698;AI003;1;2014-12-22
1456;1456;30698;AI003;1;2014-12-23
1457;1457;30698;AI003;1;2014-12-24
1458;1458;30698;AI003;1;2014-12-24
1459;1459;31095;LL026;0;2014-12-24
1460;1460;30698;AI003;0;2014-12-25
1461;1461;30698;AI003;1;2014-12-25
1462;1462;30698;AI003;1;2014-12-25
1463;1463;30698;AI003;1;2014-12-25
1464;1464;30698;AI003;1;2014-12-25
1465;1465;30091;LL028;1;2014-12-26
1466;1466;30698;AI003;1;2014-12-26
1467;1467;30698;AI003;1;2014-12-26
1468;1468;30091;LL028;1;2014-12-26
1469;1469;308103;AL014;1;2015-01-12
1470;1470;31091;LL028;1;2015-01-13
1471;1471;308103;AL014;0;2015-01-13
1472;1472;30698;AI031;1;2015-01-16
1473;1473;30698;AI101;1;2015-01-17
1474;1474;308103;AL014;1;2015-01-20
1475;1475;308103;AL014;0;2015-01-20
1476;1476;30698;AI101;1;2015-01-20
1477;1477;308103;AL014;1;2015-01-20
1478;1478;308103;AL014;1;2015-01-20
1479;1479;308103;AK226;1;2015-01-21
1480;1480;308103;AL014;0;2015-01-21
1481;1481;308103;AK225;1;2015-01-21
1482;1482;308103;AK225;1;2015-01-22
1483;1483;308103;AL014;1;2015-01-23
1484;1484;308103;AL014;1;2015-01-23
1485;1485;308103;AL014;1;2015-01-23
1486;1486;308103;AL014;1;2015-01-23
1487;1487;308103;AL014;0;2015-01-23
1488;1488;308103;AL014;1;2015-01-24
1489;1489;308103;AL014;1;2015-01-24
1490;1490;308103;AK226;1;2015-01-25
1491;1491;308103;AL014;1;2015-01-25
1492;1492;308103;AL014;1;2015-01-25
1493;1493;308103;AL014;1;2015-01-29
1494;1494;30698;AH217;1;2015-02-04
1495;1495;30698;AH217;1;2015-02-13
1496;1496;308103;AK226;1;2015-02-15
1497;1497;30698;AH217;1;2015-02-17
1498;1498;308103;AK256;1;2015-02-19
1499;1499;30698;AH86;1;2015-02-20
1500;1500;308103;AK256;1;2015-02-21
1501;1501;308103;AK256;1;2015-02-21
1502;1502;308103;AK256;1;2015-02-22
1503;1503;308103;AK256;0;2015-02-22
1504;1504;308103;AK256;1;2015-02-22
1505;1505;308103;AK256;1;2015-02-22
1506;1506;30698;AH86;0;2015-02-23
1507;1507;30698;AH86;1;2015-02-23
1508;1508;308103;AK238;0;2015-02-24
1509;1509;30698;AH86;1;2015-02-24
1510;1510;308103;AK238;1;2015-02-25
1511;1511;30698;AH217;1;2015-02-25
1512;1512;30698;AH086;1;2015-02-25
1513;1513;30698;AH217;0;2015-02-25
1514;1514;30698;AH86;0;2015-02-25
1515;1515;30698;AI066;1;2015-03-12
1516;1516;308103;AL48;1;2015-03-15
1517;1517;31095;LL026;0;2015-03-24
1518;1518;31095;LL026;1;2015-03-24
1519;1519;31095;LL026;0;2015-03-24
1520;1520;31095;LL026;1;2015-03-24
1521;1521;31095;LL026;0;2015-03-26
1522;1522;31095;KK018;1;2015-03-26
1523;1523;31095;KK018;1;2015-03-26
1524;1524;30698;AI066;1;2015-03-27
1525;1525;31095;LL026;1;2015-03-27
1526;1526;31095;KK018;0;2015-03-27
1527;1527;30783;LL026;1;2015-03-28
1528;1528;30157;JJ012;0;2015-03-29
1529;1529;30157;JJ012;1;2015-03-29
1530;1530;30783;LL026;1;2015-03-29
1531;1531;30783;LL026;1;2015-03-29
1532;1532;30780;KK025;1;2015-03-30
1533;1533;30783;LL026;1;2015-03-30
1534;1534;30783;LL026;1;2015-03-30
1535;1535;30783;LL030;1;2015-03-31
1536;1536;30157;JJ012;1;2015-03-31
1537;1537;30783;JJ006;1;2015-03-31
1538;1538;30157;JJ012;1;2015-04-01
1539;1539;30783;LL030;0;2015-04-01
1540;1540;30157;JJ012;1;2015-04-01
1541;1541;30783;LL026;1;2015-04-01
1542;1542;30157;JJ012;1;2015-04-01
1543;1543;30783;LL006;1;2015-04-01
1544;1544;30783;LL026;1;2015-04-01
1545;1545;30783;LL026;1;2015-04-01
1546;1546;30783;LL026;1;2015-04-01
1547;1547;30157;JJ012;1;2015-04-01
1548;1548;30783;LL026;1;2015-04-01
1549;1549;30783;LL030;1;2015-04-01
1550;1550;30157;JJ012;1;2015-04-01
1551;1551;30783;LL026;1;2015-04-02
1552;1552;30783;LL026;1;2015-04-02
1553;1553;30780;KK025;1;2015-04-02
1554;1554;30157;JJ012;0;2015-04-02
1555;1555;30157;JJ012;1;2015-04-02
1556;1556;30783;LL026;1;2015-04-02
1557;1557;30783;LL026;0;2015-04-02
1558;1558;30157;JJ012;1;2015-04-02
1559;1559;31095;MM311;1;2015-04-10
1560;1560;31095;LL005;1;2015-04-15
1561;1561;31095;AL26;0;2015-04-17
1562;1562;31084;LL018;0;2015-04-18
1563;1563;31084;LL018;1;2015-04-24
1564;1564;31084;LL018;1;2015-04-24
1565;1565;31084;LL018;0;2015-04-25
1566;1566;31084;LL018;0;2015-04-26
1567;1567;31095;MM311;1;2015-04-26
1568;1568;31095;MM311;1;2015-04-27
1569;1569;31093;LL018;1;2015-04-29
1570;1570;31093;LL018;0;2015-04-29
1571;1571;31084;MM311;1;2015-05-02
1572;1572;31093;LL018;1;2015-05-07
1573;1573;31084;LL018;1;2015-05-16
1574;1574;31095;MM311;1;2015-05-16
1575;1575;31084;LL018;1;2015-05-19
1576;1576;30698;AI212;1;2015-05-22
1577;1577;30698;AI200;1;2015-05-22
1578;1578;30698;AI192;1;2015-05-24
1579;1579;30698;AI229;0;2015-05-26
1580;1580;30698;AI192;0;2015-05-26
1581;1581;30698;AI212;1;2015-05-26
1582;1582;30698;AI229;1;2015-05-26
1583;1583;30698;AI229;1;2015-05-26
1584;1584;30698;AI192;0;2015-05-26
1585;1585;30698;AI212;1;2015-05-27
1586;1586;30698;AI192;1;2015-05-27
1587;1587;30698;AI229;1;2015-05-28
1588;1588;30698;AJ04;1;2015-05-28
1589;1589;30698;AI192;1;2015-05-28
1590;1590;30780;LL005;1;2015-06-14
1591;1591;30780;LL005;0;2015-06-20
1592;1592;30780;LL005;0;2015-06-21
1593;1593;30780;LL005;1;2015-06-22
1594;1594;30780;LL005;0;2015-06-22
1595;1595;30780;LL005;1;2015-06-23
1596;1596;30698;AI229;0;2015-06-23
1597;1597;30698;AI229;1;2015-06-23
1598;1598;31091;LL022;1;2015-06-23
1599;1599;30698;AI229;0;2015-06-24
1600;1600;30698;AI229;1;2015-06-24
1601;1601;31091;LL022;1;2015-06-24
1602;1602;30780;LL015;0;2015-06-26
1603;1603;30780;LL015;1;2015-06-27
1604;1604;308103;AM137;1;2015-07-06
1605;1605;308103;AM135;1;2015-07-15
1606;1606;308103;AM135;1;2015-07-16
1607;1607;308103;AM160;1;2015-07-18
1608;1608;30780;LL021;1;2015-07-18
1609;1609;30780;LL021;1;2015-07-18
1610;1610;30780;LL021;1;2015-07-19
1611;1611;308103;AM160;1;2015-07-22
1612;1612;30780;LL005;1;2015-07-23
1613;1613;30780;LL005;1;2015-07-23
1614;1614;308103;AM160;1;2015-07-23
1615;1615;308103;AM044;0;2015-07-23
1616;1616;308103;AM044;0;2015-07-23
1617;1617;30780;LL021;1;2015-07-25
1618;1618;30780;LL021;1;2015-07-25
1619;1619;30780;LL021;1;2015-07-25
1620;1620;308103;AM044;1;2015-07-25
1621;1621;30780;LL021;0;2015-07-26
1622;1622;308103;AM044;1;2015-07-26
1623;1623;308103;AM157;1;2015-07-26
1624;1624;308103;AM024;1;2015-08-18
1625;1625;308103;AM024;1;2015-08-20
1626;1626;308103;AM024;1;2015-08-25
1627;1627;30698;AJ090;1;2015-08-27
1628;1628;307100;AL125;1;2015-08-30
1629;1629;307100;AL125;1;2015-09-03
1630;1630;30698;AJ090;0;2015-09-03
1631;1631;30698;AJ090;0;2015-09-12
1632;1632;30698;AJ090;0;2015-09-15
1633;1633;30698;AJ090;1;2015-09-16
1634;1634;307100;AL155;0;2015-09-16
1635;1635;30698;AJ090;1;2015-09-17
1636;1636;30698;AJ090;1;2015-09-18
1637;1637;30698;AJ090;1;2015-09-18
1638;1638;30698;AJ090;1;2015-09-19
1639;1639;30698;AJ090;1;2015-09-19
1640;1640;30698;AJ090;1;2015-09-19
1641;1641;30698;AJ090;1;2015-09-21
1642;1642;30698;AJ090;1;2015-09-21
1643;1643;31110;M.17;1;2015-09-22
1644;1644;30698;AJ090;1;2015-09-22
1645;1645;30698;AJ090;1;2015-09-22
1646;1646;30698;AJ090;0;2015-09-22
1647;1647;30698;AJ090;1;2015-09-22
1648;1648;31110;M18;1;2015-09-23
1649;1649;31110;M.17;0;2015-09-23
1650;1650;31110;M.17;1;2015-09-23
1651;1651;31110;M.18;1;2015-09-24
1652;1652;31110;M18;0;2015-09-24
1653;1653;31110;M18;1;2015-09-24
1654;1654;31110;M18;1;2015-09-24
1655;1655;31110;M.17;1;2015-09-24
1656;1656;31110;M.17;1;2015-09-24
1657;1657;31110;M.17;1;2015-09-25
1658;1658;31110;M18;1;2015-09-25
1659;1659;31110;M.18;1;2015-09-25
1660;1660;30698;AJ215;0;2015-09-25
1661;1661;30698;AJ159;0;2015-09-25
1662;1662;31110;M.17;0;2015-09-25
1663;1663;31110;M.17;1;2015-10-02
1664;1664;31110;M.17;1;2015-10-07
1665;1665;30698;AJ.187;0;2015-10-07
1666;1666;30698;AJ.187;1;2015-10-07
1667;1667;30698;AJ.187;1;2015-10-08
1668;1668;30698;AJ.132;0;2015-10-09
1669;1669;31110;M.17;0;2015-10-10
1670;1670;30698;AJ.187;1;2015-10-12
1671;1671;30698;AJ.132;1;2015-10-13
1672;1672;30698;AJ.132;1;2015-10-13
1673;1673;30698;AJ.132;1;2015-10-14
1674;1674;30698;AJ.132;1;2015-10-14
1675;1675;30698;AJ.154;1;2015-10-14
1676;1676;30698;AJ.132;1;2015-10-14
1677;1677;30698;AJ.164;1;2015-10-14
1678;1678;30698;AJ.154;1;2015-10-14
1679;1679;30698;AJ.132;1;2015-10-15
1680;1680;30698;AJ.187;0;2015-10-15
1681;1681;30698;AJ.154;1;2015-10-16
1682;1682;30698;AJ.132;1;2015-10-18
1683;1683;30698;AJ.132;1;2015-10-18
1684;1684;30698;AJ.132;1;2015-10-19
1685;1685;307100;AM.024;1;2015-10-20
1686;1686;30698;AJ 132;1;2015-10-21
1687;1687;30698;AJ 132;1;2015-10-22
1688;1688;307100;AM.024;1;2015-10-22
1689;1689;30698;AJ 132;1;2015-10-22
1690;1690;307100;AM.024;1;2015-10-24
1691;1691;30698;AJ 132;1;2015-10-24
1692;1692;30698;AJ 132;1;2015-10-25
1693;1693;30698;AJ 132;1;2015-10-25
1694;1694;30698;AJ.137;1;2015-10-25
1695;1695;30698;AJ 132;1;2015-10-25
1696;1696;30698;AJ 132;0;2015-10-25
1697;1697;30698;AJ 132;1;2015-10-25
1698;1698;30698;AJ 132;0;2015-10-25
1699;1699;30698;AJ.132;1;2015-10-25
1700;1700;30698;AJ 132;1;2015-10-25
1701;1701;30698;AJ 132;0;2015-10-25
1702;1702;307100;AM.093;1;2015-10-26
1703;1703;30698;AJ.154;1;2015-10-26
1704;1704;307100;AM.093;1;2015-10-29
1705;1705;30698;AJ.154;1;2015-10-29
1706;1706;307100;AM.093;1;2015-10-30
1707;1707;307100;AM.024;1;2015-10-31
1708;1708;307100;AM.024;1;2015-11-01
1709;1709;307100;AM.024;1;2015-11-01
1710;1710;307100;AM.093;1;2015-11-03
1711;1711;307100;AM.093;0;2015-11-03
1712;1712;307100;AM.024;0;2015-11-03
1713;1713;307100;AM.093;1;2015-11-03
1714;1714;307100;AM.023;1;2015-11-04
1715;1715;307100;AM.093;0;2015-11-04
1716;1716;307100;AM.093;1;2015-11-04
1717;1717;307100;AM.024;1;2015-11-05
1718;1718;307100;AM.006;1;2015-11-05
1719;1719;307100;AM.023;1;2015-11-06
1720;1720;307100;AM.006;1;2015-11-06
1721;1721;307100;AM.006;0;2015-11-08
1722;1722;307100;AM.021;1;2015-11-08
1723;1723;307100;AM.006;1;2015-11-08
1724;1724;307100;AM.093;1;2015-11-10
1725;1725;307100;AM.006;0;2015-11-11
1726;1726;307100;AM.006;1;2015-11-11
1727;1727;307100;AM.006;1;2015-11-13
1728;1728;307100;AM.023;0;2015-11-14
1729;1729;307100;AM.015;1;2015-11-14
1730;1730;307100;AM.015;1;2015-11-16
1731;1731;307100;AM.093;0;2015-11-17
1732;1732;307100;AM.015;1;2015-11-17
1733;1733;307100;AM.024;1;2015-11-18
1734;1734;307100;AM.024;1;2015-11-19
1735;1735;307100;AM.093;0;2015-11-19
1736;1736;307100;AM.024;0;2015-11-19
1737;1737;307100;AM.015;1;2015-11-19
1738;1738;307100;AM.093;1;2015-11-20
1739;1739;307100;AM.015;1;2015-11-20
1740;1740;307100;AM.093;1;2015-11-20
1741;1741;307100;AM.093;0;2015-11-21
1742;1742;307100;AM.093;0;2015-11-21
1743;1743;307100;AM.015;1;2015-11-21
1744;1744;307100;AM.015;1;2015-11-21
1745;1745;307100;AM.093;1;2015-11-21
1746;1746;307100;AM.010;0;2015-11-22
1747;1747;307100;AM.015;1;2015-11-22
1748;1748;307100;AM.015;1;2015-11-22
1749;1749;307100;AM.010;1;2015-11-22
1750;1750;307100;AM.010;1;2015-11-22
1751;1751;307100;AM.093;1;2015-11-22
1752;1752;307100;AM.015;0;2015-11-23
1753;1753;307100;AM.017;1;2015-11-24
1754;1754;307100;AM.015;1;2015-11-24
1755;1755;307100;AM.024;1;2015-11-24
1756;1756;307100;AM.023;1;2015-11-25
1757;1757;307100;AM.093;0;2015-11-25
1758;1758;307100;AM.015;1;2015-11-25
1759;1759;307100;AM.023;0;2015-11-25
1760;1760;307100;AM.023;0;2015-11-25
1761;1761;307100;AM.023;0;2015-11-25
1762;1762;307100;AM.051;1;2015-12-03
1763;1763;307100;AM.051;1;2015-12-03
1764;1764;30698;AI 226;1;2015-12-04
1765;1765;30698;AJ160;1;2015-12-09
1766;1766;31110;N.20;1;2015-12-11
1767;1767;31110;N.17;1;2015-12-15
1768;1768;31110;N.17;1;2015-12-16
1769;1769;31110;N.23;1;2015-12-17
1770;1770;31110;N.20;1;2015-12-18
1771;1771;31110;N.18;1;2015-12-18
1772;1772;31110;N.23;1;2015-12-18
1773;1773;31110;N.23;1;2015-12-18
1774;1774;31110;N.23;1;2015-12-19
1775;1775;31110;N.18;0;2015-12-20
1776;1776;31110;N.23;1;2015-12-20
1777;1777;31110;N.18;1;2015-12-20
1778;1778;31110;N.23;1;2015-12-21
1779;1779;31110;N.23;1;2015-12-22
1780;1780;31093;LL042;1;2015-12-22
1781;1781;31110;N.23;1;2015-12-22
1782;1782;31110;N.18;1;2015-12-23
1783;1783;31093;LL042;1;2015-12-23
1784;1784;31110;N.17;1;2015-12-23
1785;1785;31110;N.17;1;2015-12-23
1786;1786;31093;LL042;1;2015-12-23
1787;1787;31093;LL042;1;2015-12-23
1788;1788;31093;LL042;1;2015-12-24
1789;1789;31110;N.23;1;2015-12-24
1790;1790;31110;N.23;1;2015-12-24
1791;1791;31110;N.18;1;2015-12-24
1792;1792;31110;N.17;0;2015-12-24
1793;1793;31110;N.18;1;2015-12-25
1794;1794;31110;N.23;1;2015-12-25
1795;1795;31093;LL042;1;2015-12-25
1796;1796;31110;N.20;0;2015-12-26
1797;1797;31110;N.20;1;2015-12-26
1798;1798;31110;N.17;1;2015-12-26
1799;1799;31110;N.17;0;2015-12-26
1800;1800;31110;N.20;1;2015-12-26
1801;1801;31110;N.17;1;2015-12-26
1802;1802;31110;N.18;1;2015-12-26
1803;1803;30698;AI 226;1;2016-03-04
